handle,product_id,sku,pn_tried,angle,url,status,detail
305-nv-bahia-blue-gloss-black-lip-zmr30578580600,9413333811435,ZMR30578580600,query=MR305 Black pn=MR30578580500H,Img0001,https://wheels.autosyncstudio.com/png/Method/NV-HD_MR305_Matte_Black_8-lug_0001.png,OK,
305-nv-bahia-blue-gloss-black-lip-zmr30578580600,9413333811435,ZMR30578580600,query=MR305 Black pn=MR30578580500H,Img0002,https://wheels.autosyncstudio.com/png/Method/NV-HD_MR305_Matte_Black_8-lug_0002.png,OK,
305-nv-bahia-blue-gloss-black-lip-zmr30578580600,9413333811435,ZMR30578580600,query=MR305 Black pn=MR30578580500H,Img0003,https://wheels.autosyncstudio.com/png/Method/NV-HD_MR305_Matte_Black_8-lug_0003.png,OK,
305-nv-bahia-blue-gloss-black-lip-zmr30578587600,9413333942507,ZMR30578587600,query=MR305 Black pn=MR30578580500H,Img0001,https://wheels.autosyncstudio.com/png/Method/NV-HD_MR305_Matte_Black_8-lug_0001.png,OK,
305-nv-bahia-blue-gloss-black-lip-zmr30578587600,9413333942507,ZMR30578587600,query=MR305 Black pn=MR30578580500H,Img0002,https://wheels.autosyncstudio.com/png/Method/NV-HD_MR305_Matte_Black_8-lug_0002.png,OK,
305-nv-bahia-blue-gloss-black-lip-zmr30578587600,9413333942507,ZMR30578587600,query=MR305 Black pn=MR30578580500H,Img0003,https://wheels.autosyncstudio.com/png/Method/NV-HD_MR305_Matte_Black_8-lug_0003.png,OK,
305-nv-bahia-blue-gloss-black-lip-zmr30589080618,9413334204651,ZMR30589080618,query=MR305 Black pn=MR30578580500H,Img0001,https://wheels.autosyncstudio.com/png/Method/NV-HD_MR305_Matte_Black_8-lug_0001.png,OK,
305-nv-bahia-blue-gloss-black-lip-zmr30589080618,9413334204651,ZMR30589080618,query=MR305 Black pn=MR30578580500H,Img0002,https://wheels.autosyncstudio.com/png/Method/NV-HD_MR305_Matte_Black_8-lug_0002.png,OK,
305-nv-bahia-blue-gloss-black-lip-zmr30589080618,9413334204651,ZMR30589080618,query=MR305 Black pn=MR30578580500H,Img0003,https://wheels.autosyncstudio.com/png/Method/NV-HD_MR305_Matte_Black_8-lug_0003.png,OK,
305-nv-bahia-blue-gloss-black-lip-zmr30589087618,9413334302955,ZMR30589087618,query=MR305 Black pn=MR30578580500H,Img0001,https://wheels.autosyncstudio.com/png/Method/NV-HD_MR305_Matte_Black_8-lug_0001.png,OK,
305-nv-bahia-blue-gloss-black-lip-zmr30589087618,9413334302955,ZMR30589087618,query=MR305 Black pn=MR30578580500H,Img0002,https://wheels.autosyncstudio.com/png/Method/NV-HD_MR305_Matte_Black_8-lug_0002.png,OK,
305-nv-bahia-blue-gloss-black-lip-zmr30589087618,9413334302955,ZMR30589087618,query=MR305 Black pn=MR30578580500H,Img0003,https://wheels.autosyncstudio.com/png/Method/NV-HD_MR305_Matte_Black_8-lug_0003.png,OK,
315-gold-black-lip-mr31578516100,9413334827243,MR31578516100,pn=MR31578516100,Img0001,https://wheels.autosyncstudio.com/png/Method/MR315_Gold_Black-Street-Loc_6-lug_0001.png,OK,
315-gold-black-lip-mr31578516100,9413334827243,MR31578516100,pn=MR31578516100,Img0002,https://wheels.autosyncstudio.com/png/Method/MR315_Gold_Black-Street-Loc_6-lug_0002.png,OK,
315-gold-black-lip-mr31578516100,9413334827243,MR31578516100,pn=MR31578516100,Img0003,https://wheels.autosyncstudio.com/png/Method/MR315_Gold_Black-Street-Loc_6-lug_0003.png,OK,
315-gold-black-lip-mr31578560100,9413334991083,MR31578560100,pn=MR31578560100,Img0001,https://wheels.autosyncstudio.com/png/Method/MR315_Gold_Black-Street-Loc_6-lug_0001.png,OK,
315-gold-black-lip-mr31578560100,9413334991083,MR31578560100,pn=MR31578560100,Img0002,https://wheels.autosyncstudio.com/png/Method/MR315_Gold_Black-Street-Loc_6-lug_0002.png,OK,
315-gold-black-lip-mr31578560100,9413334991083,MR31578560100,pn=MR31578560100,Img0003,https://wheels.autosyncstudio.com/png/Method/MR315_Gold_Black-Street-Loc_6-lug_0003.png,OK,
105-beadlock-gold-mr10579050138b,9413336170731,MR10579050138B,pn=MR10579050138B,Img0001,https://wheels.autosyncstudio.com/png/Method/Beadlock_MR105_Gold_5-lug_0001.png,OK,
105-beadlock-gold-mr10579050138b,9413336170731,MR10579050138B,pn=MR10579050138B,Img0002,https://wheels.autosyncstudio.com/png/Method/Beadlock_MR105_Gold_5-lug_0002.png,OK,
105-beadlock-gold-mr10579050138b,9413336170731,MR10579050138B,pn=MR10579050138B,Img0003,https://wheels.autosyncstudio.com/png/Method/Beadlock_MR105_Gold_5-lug_0003.png,OK,
105-beadlock-goldthe-standard-machine-mr30179080312n,9413343314155,,pn=,Img0001,https://wheels.autosyncstudio.com/png/4PLAY/4P06_BB_Brushed_Black_5-lug_0001.png,OK,
105-beadlock-goldthe-standard-machine-mr30179080312n,9413343314155,,pn=,Img0002,https://wheels.autosyncstudio.com/png/4PLAY/4P06_BB_Brushed_Black_5-lug_0002.png,OK,
105-beadlock-goldthe-standard-machine-mr30179080312n,9413343314155,,pn=,Img0003,https://wheels.autosyncstudio.com/png/4PLAY/4P06_BB_Brushed_Black_5-lug_0003.png,OK,
the-standard-machine-mr30189080318,9413343510763,MR30189080318,query=MR301 Silver pn=MR30168012300,Img0001,https://wheels.autosyncstudio.com/png/Method/The-Standard_MR301_Machined_Clear-Coat_5-lug_0001.png,OK,
the-standard-machine-mr30189080318,9413343510763,MR30189080318,query=MR301 Silver pn=MR30168012300,Img0003,https://wheels.autosyncstudio.com/png/Method/The-Standard_MR301_Machined_Clear-Coat_5-lug_0003.png,OK,
the-standard-machine-mr30189087318,9413343609067,MR30189087318,pn=MR30189087318,Img0001,https://wheels.autosyncstudio.com/png/Method/The-Standard_MR301_Machined_Clear-Coat_8-lug_0001.png,OK,
the-standard-machine-mr30189087318,9413343609067,MR30189087318,pn=MR30189087318,Img0003,https://wheels.autosyncstudio.com/png/Method/The-Standard_MR301_Machined_Clear-Coat_8-lug_0003.png,OK,
the-standard-machine-mr30189088318,9413343641835,MR30189088318,query=MR301 Silver pn=MR30168012300,Img0001,https://wheels.autosyncstudio.com/png/Method/The-Standard_MR301_Machined_Clear-Coat_5-lug_0001.png,OK,
the-standard-machine-mr30189088318,9413343641835,MR30189088318,query=MR301 Silver pn=MR30168012300,Img0003,https://wheels.autosyncstudio.com/png/Method/The-Standard_MR301_Machined_Clear-Coat_5-lug_0003.png,OK,
the-standard-machine-mr30129080318,9413343805675,MR30129080318,query=MR301 Silver pn=MR30168012300,Img0001,https://wheels.autosyncstudio.com/png/Method/The-Standard_MR301_Machined_Clear-Coat_5-lug_0001.png,OK,
the-standard-machine-mr30129080318,9413343805675,MR30129080318,query=MR301 Silver pn=MR30168012300,Img0003,https://wheels.autosyncstudio.com/png/Method/The-Standard_MR301_Machined_Clear-Coat_5-lug_0003.png,OK,
the-standard-machine-mr30129087318,9413343871211,MR30129087318,query=MR301 Silver pn=MR30168012300,Img0001,https://wheels.autosyncstudio.com/png/Method/The-Standard_MR301_Machined_Clear-Coat_5-lug_0001.png,OK,
the-standard-machine-mr30129087318,9413343871211,MR30129087318,query=MR301 Silver pn=MR30168012300,Img0003,https://wheels.autosyncstudio.com/png/Method/The-Standard_MR301_Machined_Clear-Coat_5-lug_0003.png,OK,
701-bronze-mr70166568990,9413346132203,MR70166568990,query=MR701 Bronze pn=MR70168060900,Img0001,https://wheels.autosyncstudio.com/png/Method/MR701_Method-Bronze_6-lug_0001.png,OK,
701-bronze-mr70166568990,9413346132203,MR70166568990,query=MR701 Bronze pn=MR70168060900,Img0002,https://wheels.autosyncstudio.com/png/Method/MR701_Method-Bronze_6-lug_0002.png,OK,
701-bronze-mr70166568990,9413346132203,MR70166568990,query=MR701 Bronze pn=MR70168060900,Img0003,https://wheels.autosyncstudio.com/png/Method/MR701_Method-Bronze_6-lug_0003.png,OK,
312-bronze-mr31289080918,9413349441771,MR31289080918,query=MR312 Bronze pn=MR31278516900,Img0001,https://wheels.autosyncstudio.com/png/Method/MR312_Method-Bronze_Black-Street-Loc_6-lug_0001.png,OK,
312-bronze-mr31289080918,9413349441771,MR31289080918,query=MR312 Bronze pn=MR31278516900,Img0003,https://wheels.autosyncstudio.com/png/Method/MR312_Method-Bronze_Black-Street-Loc_6-lug_0003.png,OK,
mr704-titanium-mr70457051815,9413357043947,MR70457051815,query=MR704 Gray pn=MR70478560800,Img0001,https://wheels.autosyncstudio.com/png/Method/MR704_Titanium_6-lug_0001.png,OK,
mr704-titanium-mr70457051815,9413357043947,MR70457051815,query=MR704 Gray pn=MR70478560800,Img0002,https://wheels.autosyncstudio.com/png/Method/MR704_Titanium_6-lug_0002.png,OK,
mr704-titanium-mr70457051815,9413357043947,MR70457051815,query=MR704 Gray pn=MR70478560800,Img0003,https://wheels.autosyncstudio.com/png/Method/MR704_Titanium_6-lug_0003.png,OK,
mr704-titanium-mr70478550800,9413357175019,MR70478550800,query=MR704 Gray pn=MR70478560800,Img0001,https://wheels.autosyncstudio.com/png/Method/MR704_Titanium_6-lug_0001.png,OK,
mr704-titanium-mr70478550800,9413357175019,MR70478550800,query=MR704 Gray pn=MR70478560800,Img0002,https://wheels.autosyncstudio.com/png/Method/MR704_Titanium_6-lug_0002.png,OK,
mr704-titanium-mr70478550800,9413357175019,MR70478550800,query=MR704 Gray pn=MR70478560800,Img0003,https://wheels.autosyncstudio.com/png/Method/MR704_Titanium_6-lug_0003.png,OK,
mr704-titanium-mr70478558800,9413357338859,MR70478558800,query=MR704 Gray pn=MR70478560800,Img0001,https://wheels.autosyncstudio.com/png/Method/MR704_Titanium_6-lug_0001.png,OK,
mr704-titanium-mr70478558800,9413357338859,MR70478558800,query=MR704 Gray pn=MR70478560800,Img0002,https://wheels.autosyncstudio.com/png/Method/MR704_Titanium_6-lug_0002.png,OK,
mr704-titanium-mr70478558800,9413357338859,MR70478558800,query=MR704 Gray pn=MR70478560800,Img0003,https://wheels.autosyncstudio.com/png/Method/MR704_Titanium_6-lug_0003.png,OK,
316-gloss-titanium-mr31678062825,9413357830379,MR31678062825,query=MR316 Gray pn=MR31678516800,Img0001,https://wheels.autosyncstudio.com/png/Method/MR316_Gloss_Titanium_6-lug_0001.png,OK,
316-gloss-titanium-mr31678062825,9413357830379,MR31678062825,query=MR316 Gray pn=MR31678516800,Img0002,https://wheels.autosyncstudio.com/png/Method/MR316_Gloss_Titanium_6-lug_0002.png,OK,
316-gloss-titanium-mr31678062825,9413357830379,MR31678062825,query=MR316 Gray pn=MR31678516800,Img0003,https://wheels.autosyncstudio.com/png/Method/MR316_Gloss_Titanium_6-lug_0003.png,OK,
316-gloss-titanium-mr31678016825,9413357895915,MR31678016825,query=MR316 Gray pn=MR31678516800,Img0001,https://wheels.autosyncstudio.com/png/Method/MR316_Gloss_Titanium_6-lug_0001.png,OK,
316-gloss-titanium-mr31678016825,9413357895915,MR31678016825,query=MR316 Gray pn=MR31678516800,Img0002,https://wheels.autosyncstudio.com/png/Method/MR316_Gloss_Titanium_6-lug_0002.png,OK,
316-gloss-titanium-mr31678016825,9413357895915,MR31678016825,query=MR316 Gray pn=MR31678516800,Img0003,https://wheels.autosyncstudio.com/png/Method/MR316_Gloss_Titanium_6-lug_0003.png,OK,
316-gloss-titanium-mr31678060825,9413358026987,MR31678060825,pn=MR31678060825,Img0001,https://wheels.autosyncstudio.com/png/Method/MR316_Gloss_Titanium_6-lug_0001.png,OK,
316-gloss-titanium-mr31678060825,9413358026987,MR31678060825,pn=MR31678060825,Img0002,https://wheels.autosyncstudio.com/png/Method/MR316_Gloss_Titanium_6-lug_0002.png,OK,
316-gloss-titanium-mr31678060825,9413358026987,MR31678060825,pn=MR31678060825,Img0003,https://wheels.autosyncstudio.com/png/Method/MR316_Gloss_Titanium_6-lug_0003.png,OK,
316-gloss-titanium-mr31678516800,9413358256363,MR31678516800,pn=MR31678516800,Img0001,https://wheels.autosyncstudio.com/png/Method/MR316_Gloss_Titanium_6-lug_0001.png,OK,
316-gloss-titanium-mr31678516800,9413358256363,MR31678516800,pn=MR31678516800,Img0002,https://wheels.autosyncstudio.com/png/Method/MR316_Gloss_Titanium_6-lug_0002.png,OK,
316-gloss-titanium-mr31678516800,9413358256363,MR31678516800,pn=MR31678516800,Img0003,https://wheels.autosyncstudio.com/png/Method/MR316_Gloss_Titanium_6-lug_0003.png,OK,
316-gloss-titanium-mr31678560800,9413358321899,MR31678560800,pn=MR31678560800,Img0001,https://wheels.autosyncstudio.com/png/Method/MR316_Gloss_Titanium_6-lug_0001.png,OK,
316-gloss-titanium-mr31678560800,9413358321899,MR31678560800,pn=MR31678560800,Img0002,https://wheels.autosyncstudio.com/png/Method/MR316_Gloss_Titanium_6-lug_0002.png,OK,
316-gloss-titanium-mr31678560800,9413358321899,MR31678560800,pn=MR31678560800,Img0003,https://wheels.autosyncstudio.com/png/Method/MR316_Gloss_Titanium_6-lug_0003.png,OK,
316-gloss-titanium-mr31689016818,9413358420203,MR31689016818,pn=MR31689016818,Img0001,https://wheels.autosyncstudio.com/png/Method/MR316_Gloss_Titanium_6-lug_0001.png,OK,
316-gloss-titanium-mr31689016818,9413358420203,MR31689016818,pn=MR31689016818,Img0002,https://wheels.autosyncstudio.com/png/Method/MR316_Gloss_Titanium_6-lug_0002.png,OK,
316-gloss-titanium-mr31689016818,9413358420203,MR31689016818,pn=MR31689016818,Img0003,https://wheels.autosyncstudio.com/png/Method/MR316_Gloss_Titanium_6-lug_0003.png,OK,
316-gloss-titanium-mr31689060818,9413358485739,MR31689060818,pn=MR31689060818,Img0001,https://wheels.autosyncstudio.com/png/Method/MR316_Gloss_Titanium_6-lug_0001.png,OK,
316-gloss-titanium-mr31689060818,9413358485739,MR31689060818,pn=MR31689060818,Img0002,https://wheels.autosyncstudio.com/png/Method/MR316_Gloss_Titanium_6-lug_0002.png,OK,
316-gloss-titanium-mr31689060818,9413358485739,MR31689060818,pn=MR31689060818,Img0003,https://wheels.autosyncstudio.com/png/Method/MR316_Gloss_Titanium_6-lug_0003.png,OK,
316-gloss-titanium-mr31629050818,9413358584043,MR31629050818,query=MR316 Gray pn=MR31678516800,Img0001,https://wheels.autosyncstudio.com/png/Method/MR316_Gloss_Titanium_6-lug_0001.png,OK,
316-gloss-titanium-mr31629050818,9413358584043,MR31629050818,query=MR316 Gray pn=MR31678516800,Img0002,https://wheels.autosyncstudio.com/png/Method/MR316_Gloss_Titanium_6-lug_0002.png,OK,
316-gloss-titanium-mr31629050818,9413358584043,MR31629050818,query=MR316 Gray pn=MR31678516800,Img0003,https://wheels.autosyncstudio.com/png/Method/MR316_Gloss_Titanium_6-lug_0003.png,OK,
411-utv-bead-grip-gloss-titanium-mr41157047843,9413360386283,MR41157047843,query=MR411 Gray pn=MR41147046843,Img0001,https://wheels.autosyncstudio.com/png/Method/MR411_Gloss_Titanium_4-lug_0001.png,OK,
411-utv-bead-grip-gloss-titanium-mr41157047843,9413360386283,MR41157047843,query=MR411 Gray pn=MR41147046843,Img0002,https://wheels.autosyncstudio.com/png/Method/MR411_Gloss_Titanium_4-lug_0002.png,OK,
411-utv-bead-grip-gloss-titanium-mr41157047843,9413360386283,MR41157047843,query=MR411 Gray pn=MR41147046843,Img0003,https://wheels.autosyncstudio.com/png/Method/MR411_Gloss_Titanium_4-lug_0003.png,OK,
411-utv-bead-grip-gloss-titanium-mr41151046864,9413360746731,MR41151046864,query=MR411 Gray pn=MR41147046843,Img0001,https://wheels.autosyncstudio.com/png/Method/MR411_Gloss_Titanium_4-lug_0001.png,OK,
411-utv-bead-grip-gloss-titanium-mr41151046864,9413360746731,MR41151046864,query=MR411 Gray pn=MR41147046843,Img0002,https://wheels.autosyncstudio.com/png/Method/MR411_Gloss_Titanium_4-lug_0002.png,OK,
411-utv-bead-grip-gloss-titanium-mr41151046864,9413360746731,MR41151046864,query=MR411 Gray pn=MR41147046843,Img0003,https://wheels.autosyncstudio.com/png/Method/MR411_Gloss_Titanium_4-lug_0003.png,OK,
415-utv-beadlock-graphite-gloss-graphite-ring-mr415570121252b,9413363138795,MR415570121252B,pn=MR415570121252B,Img0001,https://wheels.autosyncstudio.com/png/Method/MR415-Beadlock-UTV_GY_Graphite_Gloss-Graphite-Ring_5-lug_0001.png,OK,
415-utv-beadlock-graphite-gloss-graphite-ring-mr415570121252b,9413363138795,MR415570121252B,pn=MR415570121252B,Img0002,https://wheels.autosyncstudio.com/png/Method/MR415-Beadlock-UTV_GY_Graphite_Gloss-Graphite-Ring_5-lug_0002.png,OK,
415-utv-beadlock-graphite-gloss-graphite-ring-mr415570121252b,9413363138795,MR415570121252B,pn=MR415570121252B,Img0003,https://wheels.autosyncstudio.com/png/Method/MR415-Beadlock-UTV_GY_Graphite_Gloss-Graphite-Ring_5-lug_0003.png,OK,
415-utv-beadlock-graphite-gloss-graphite-ring-mr415510471264b,9413363237099,MR415510471264B,query=MR415 pn=MR415510121264B,Img0001,https://wheels.autosyncstudio.com/png/Method/MR415-Beadlock-UTV_GY_Graphite_Gloss-Graphite-Ring_5-lug_0001.png,OK,
415-utv-beadlock-graphite-gloss-graphite-ring-mr415510471264b,9413363237099,MR415510471264B,query=MR415 pn=MR415510121264B,Img0002,https://wheels.autosyncstudio.com/png/Method/MR415-Beadlock-UTV_GY_Graphite_Gloss-Graphite-Ring_5-lug_0002.png,OK,
415-utv-beadlock-graphite-gloss-graphite-ring-mr415510471264b,9413363237099,MR415510471264B,query=MR415 pn=MR415510121264B,Img0003,https://wheels.autosyncstudio.com/png/Method/MR415-Beadlock-UTV_GY_Graphite_Gloss-Graphite-Ring_5-lug_0003.png,OK,
415-utv-beadlock-graphite-gloss-graphite-ring-mr415510461264b,9413363302635,MR415510461264B,query=MR415 pn=MR415510121264B,Img0001,https://wheels.autosyncstudio.com/png/Method/MR415-Beadlock-UTV_GY_Graphite_Gloss-Graphite-Ring_5-lug_0001.png,OK,
415-utv-beadlock-graphite-gloss-graphite-ring-mr415510461264b,9413363302635,MR415510461264B,query=MR415 pn=MR415510121264B,Img0002,https://wheels.autosyncstudio.com/png/Method/MR415-Beadlock-UTV_GY_Graphite_Gloss-Graphite-Ring_5-lug_0002.png,OK,
415-utv-beadlock-graphite-gloss-graphite-ring-mr415510461264b,9413363302635,MR415510461264B,query=MR415 pn=MR415510121264B,Img0003,https://wheels.autosyncstudio.com/png/Method/MR415-Beadlock-UTV_GY_Graphite_Gloss-Graphite-Ring_5-lug_0003.png,OK,
415-utv-beadlock-graphite-gloss-graphite-ring-mr415510121264b,9413363335403,MR415510121264B,pn=MR415510121264B,Img0001,https://wheels.autosyncstudio.com/png/Method/MR415-Beadlock-UTV_GY_Graphite_Gloss-Graphite-Ring_5-lug_0001.png,OK,
415-utv-beadlock-graphite-gloss-graphite-ring-mr415510121264b,9413363335403,MR415510121264B,pn=MR415510121264B,Img0002,https://wheels.autosyncstudio.com/png/Method/MR415-Beadlock-UTV_GY_Graphite_Gloss-Graphite-Ring_5-lug_0002.png,OK,
415-utv-beadlock-graphite-gloss-graphite-ring-mr415510121264b,9413363335403,MR415510121264B,pn=MR415510121264B,Img0003,https://wheels.autosyncstudio.com/png/Method/MR415-Beadlock-UTV_GY_Graphite_Gloss-Graphite-Ring_5-lug_0003.png,OK,
415-utv-beadlock-matte-black-gloss-black-ring-mr415510471064b,9413363597547,MR415510471064B,query=MR415 Black pn=MR415570121052B,Img0001,https://wheels.autosyncstudio.com/png/Method/MR415-Beadlock-UTV_MB_Matte_Black_Gloss-Black-Ring_5-lug_0001.png,OK,
415-utv-beadlock-matte-black-gloss-black-ring-mr415510471064b,9413363597547,MR415510471064B,query=MR415 Black pn=MR415570121052B,Img0002,https://wheels.autosyncstudio.com/png/Method/MR415-Beadlock-UTV_MB_Matte_Black_Gloss-Black-Ring_5-lug_0002.png,OK,
415-utv-beadlock-matte-black-gloss-black-ring-mr415510471064b,9413363597547,MR415510471064B,query=MR415 Black pn=MR415570121052B,Img0003,https://wheels.autosyncstudio.com/png/Method/MR415-Beadlock-UTV_MB_Matte_Black_Gloss-Black-Ring_5-lug_0003.png,OK,
319-method-bronze-mr31978516900,9413365530859,MR31978516900,model=MR319 color=Bronze,,,NO_MATCH,
319-method-bronze-mr31978560900,9413365563627,MR31978560900,model=MR319 color=Bronze,,,NO_MATCH,
319-method-bronze-mr31978580900,9413365661931,MR31978580900,model=MR319 color=Bronze,,,NO_MATCH,
319-method-bronze-mr31978587900,9413365760235,MR31978587900,model=MR319 color=Bronze,,,NO_MATCH,
319-method-bronze-mr31979060912n,9413365956843,MR31979060912N,model=MR319 color=Bronze,,,NO_MATCH,
319-method-bronze-mr31988560940,9413366186219,MR31988560940,model=MR319 color=Bronze,,,NO_MATCH,
319-method-bronze-mr31988516940,9413366218987,MR31988516940,model=MR319 color=Bronze,,,NO_MATCH,
319-method-bronze-mr31989016918,9413366317291,MR31989016918,model=MR319 color=Bronze,,,NO_MATCH,
319-method-bronze-mr31989060918,9413366350059,MR31989060918,model=MR319 color=Bronze,,,NO_MATCH,
319-method-bronze-mr31989080918,9413366448363,MR31989080918,model=MR319 color=Bronze,,,NO_MATCH,
319-method-bronze-mr31989088918,9413366513899,MR31989088918,model=MR319 color=Bronze,,,NO_MATCH,
319-method-bronze-mr31929016918,9413366677739,MR31929016918,model=MR319 color=Bronze,,,NO_MATCH,
319-method-bronze-mr31929060918,9413366743275,MR31929060918,model=MR319 color=Bronze,,,NO_MATCH,
319-method-bronze-mr31929087918,9413366776043,MR31929087918,model=MR319 color=Bronze,,,NO_MATCH,
319-method-bronze-mr31929088918,9413366841579,MR31929088918,model=MR319 color=Bronze,,,NO_MATCH,
319-method-bronze-mr31929080918,9413366907115,MR31929080918,model=MR319 color=Bronze,,,NO_MATCH,
318-method-bronze-mr31857051915,9413368643819,MR31857051915,query=MR318 Bronze pn=MR31878516900,Img0001,https://wheels.autosyncstudio.com/png/Method/MR318_BZ_Method-Bronze_6-lug_0001.png,OK,
318-method-bronze-mr31857051915,9413368643819,MR31857051915,query=MR318 Bronze pn=MR31878516900,Img0002,https://wheels.autosyncstudio.com/png/Method/MR318_BZ_Method-Bronze_6-lug_0002.png,OK,
318-method-bronze-mr31857051915,9413368643819,MR31857051915,query=MR318 Bronze pn=MR31878516900,Img0003,https://wheels.autosyncstudio.com/png/Method/MR318_BZ_Method-Bronze_6-lug_0003.png,OK,
318-method-bronze-mr31878550925,9413369037035,MR31878550925,query=MR318 Bronze pn=MR31878516900,Img0001,https://wheels.autosyncstudio.com/png/Method/MR318_BZ_Method-Bronze_6-lug_0001.png,OK,
318-method-bronze-mr31878550925,9413369037035,MR31878550925,query=MR318 Bronze pn=MR31878516900,Img0002,https://wheels.autosyncstudio.com/png/Method/MR318_BZ_Method-Bronze_6-lug_0002.png,OK,
318-method-bronze-mr31878550925,9413369037035,MR31878550925,query=MR318 Bronze pn=MR31878516900,Img0003,https://wheels.autosyncstudio.com/png/Method/MR318_BZ_Method-Bronze_6-lug_0003.png,OK,
318-method-bronze-mr31878580900,9413369233643,MR31878580900,query=MR318 Bronze pn=MR31878516900,Img0001,https://wheels.autosyncstudio.com/png/Method/MR318_BZ_Method-Bronze_6-lug_0001.png,OK,
318-method-bronze-mr31878580900,9413369233643,MR31878580900,query=MR318 Bronze pn=MR31878516900,Img0002,https://wheels.autosyncstudio.com/png/Method/MR318_BZ_Method-Bronze_6-lug_0002.png,OK,
318-method-bronze-mr31878580900,9413369233643,MR31878580900,query=MR318 Bronze pn=MR31878516900,Img0003,https://wheels.autosyncstudio.com/png/Method/MR318_BZ_Method-Bronze_6-lug_0003.png,OK,
318-method-bronze-mr31878587900,9413369266411,MR31878587900,query=MR318 Bronze pn=MR31878516900,Img0001,https://wheels.autosyncstudio.com/png/Method/MR318_BZ_Method-Bronze_6-lug_0001.png,OK,
318-method-bronze-mr31878587900,9413369266411,MR31878587900,query=MR318 Bronze pn=MR31878516900,Img0002,https://wheels.autosyncstudio.com/png/Method/MR318_BZ_Method-Bronze_6-lug_0002.png,OK,
318-method-bronze-mr31878587900,9413369266411,MR31878587900,query=MR318 Bronze pn=MR31878516900,Img0003,https://wheels.autosyncstudio.com/png/Method/MR318_BZ_Method-Bronze_6-lug_0003.png,OK,
318-method-bronze-mr31888558940,9413369331947,MR31888558940,pn=MR31888558940,Img0001,https://wheels.autosyncstudio.com/png/Method/MR318_BZ_Method-Bronze_5-lug_0001.png,OK,
318-method-bronze-mr31888558940,9413369331947,MR31888558940,pn=MR31888558940,Img0002,https://wheels.autosyncstudio.com/png/Method/MR318_BZ_Method-Bronze_5-lug_0002.png,OK,
318-method-bronze-mr31888558940,9413369331947,MR31888558940,pn=MR31888558940,Img0003,https://wheels.autosyncstudio.com/png/Method/MR318_BZ_Method-Bronze_5-lug_0003.png,OK,
105-beadlock-matte-black-mr10579080538b,9413370085611,MR10579080538B,pn=MR10579080538B,Img0001,https://wheels.autosyncstudio.com/png/Method/Beadlock_MR105_Matte_Black_8-lug_0001.png,OK,
105-beadlock-matte-black-mr10579080538b,9413370085611,MR10579080538B,pn=MR10579080538B,Img0002,https://wheels.autosyncstudio.com/png/Method/Beadlock_MR105_Matte_Black_8-lug_0002.png,OK,
105-beadlock-matte-black-mr10579080538b,9413370085611,MR10579080538B,pn=MR10579080538B,Img0003,https://wheels.autosyncstudio.com/png/Method/Beadlock_MR105_Matte_Black_8-lug_0003.png,OK,
standard-matte-black-mr30157060506n,9413370282219,MR30157060506N,query=MR301 Black pn=MR30167060500,Img0001,https://wheels.autosyncstudio.com/png/Method/The-Standard_MR301_Matte_Black_6-lug_0001.png,OK,
standard-matte-black-mr30157060506n,9413370282219,MR30157060506N,query=MR301 Black pn=MR30167060500,Img0003,https://wheels.autosyncstudio.com/png/Method/The-Standard_MR301_Matte_Black_6-lug_0003.png,OK,
standard-matte-black-mr30168060500,9413370511595,MR30168060500,query=MR301 Black pn=MR30167060500,Img0001,https://wheels.autosyncstudio.com/png/Method/The-Standard_MR301_Matte_Black_6-lug_0001.png,OK,
standard-matte-black-mr30168060500,9413370511595,MR30168060500,query=MR301 Black pn=MR30167060500,Img0003,https://wheels.autosyncstudio.com/png/Method/The-Standard_MR301_Matte_Black_6-lug_0003.png,OK,
standard-matte-black-mr30177563550,9413370642667,MR30177563550,query=MR301 Black pn=MR30167060500,Img0001,https://wheels.autosyncstudio.com/png/Method/The-Standard_MR301_Matte_Black_6-lug_0001.png,OK,
standard-matte-black-mr30177563550,9413370642667,MR30177563550,query=MR301 Black pn=MR30167060500,Img0003,https://wheels.autosyncstudio.com/png/Method/The-Standard_MR301_Matte_Black_6-lug_0003.png,OK,
standard-matte-black-mr30178564525,9413371003115,MR30178564525,query=MR301 Black pn=MR30167060500,Img0001,https://wheels.autosyncstudio.com/png/Method/The-Standard_MR301_Matte_Black_6-lug_0001.png,OK,
standard-matte-black-mr30178564525,9413371003115,MR30178564525,query=MR301 Black pn=MR30167060500,Img0003,https://wheels.autosyncstudio.com/png/Method/The-Standard_MR301_Matte_Black_6-lug_0003.png,OK,
standard-matte-black-mr30178560500,9413371101419,MR30178560500,query=MR301 Black pn=MR30167060500,Img0001,https://wheels.autosyncstudio.com/png/Method/The-Standard_MR301_Matte_Black_6-lug_0001.png,OK,
standard-matte-black-mr30178560500,9413371101419,MR30178560500,query=MR301 Black pn=MR30167060500,Img0003,https://wheels.autosyncstudio.com/png/Method/The-Standard_MR301_Matte_Black_6-lug_0003.png,OK,
standard-matte-black-mr30178516500,9413371166955,MR30178516500,pn=MR30178516500,Img0001,https://wheels.autosyncstudio.com/png/Method/The-Standard_MR301_Matte_Black_6-lug_0001.png,OK,
standard-matte-black-mr30178516500,9413371166955,MR30178516500,pn=MR30178516500,Img0003,https://wheels.autosyncstudio.com/png/Method/The-Standard_MR301_Matte_Black_6-lug_0003.png,OK,
standard-matte-black-mr30178560525,9413371363563,MR30178560525,query=MR301 Black pn=MR30167060500,Img0001,https://wheels.autosyncstudio.com/png/Method/The-Standard_MR301_Matte_Black_6-lug_0001.png,OK,
standard-matte-black-mr30178560525,9413371363563,MR30178560525,query=MR301 Black pn=MR30167060500,Img0003,https://wheels.autosyncstudio.com/png/Method/The-Standard_MR301_Matte_Black_6-lug_0003.png,OK,
standard-matte-black-mr30179060512n,9413371789547,MR30179060512N,query=MR301 Black pn=MR30167060500,Img0001,https://wheels.autosyncstudio.com/png/Method/The-Standard_MR301_Matte_Black_6-lug_0001.png,OK,
standard-matte-black-mr30179060512n,9413371789547,MR30179060512N,query=MR301 Black pn=MR30167060500,Img0003,https://wheels.autosyncstudio.com/png/Method/The-Standard_MR301_Matte_Black_6-lug_0003.png,OK,
standard-matte-black-mr30189060512n,9413372281067,MR30189060512N,query=MR301 Black pn=MR30167060500,Img0001,https://wheels.autosyncstudio.com/png/Method/The-Standard_MR301_Matte_Black_6-lug_0001.png,OK,
standard-matte-black-mr30189060512n,9413372281067,MR30189060512N,query=MR301 Black pn=MR30167060500,Img0003,https://wheels.autosyncstudio.com/png/Method/The-Standard_MR301_Matte_Black_6-lug_0003.png,OK,
standard-matte-black-mr30189060518,9413372313835,MR30189060518,query=MR301 Black pn=MR30167060500,Img0001,https://wheels.autosyncstudio.com/png/Method/The-Standard_MR301_Matte_Black_6-lug_0001.png,OK,
standard-matte-black-mr30189060518,9413372313835,MR30189060518,query=MR301 Black pn=MR30167060500,Img0003,https://wheels.autosyncstudio.com/png/Method/The-Standard_MR301_Matte_Black_6-lug_0003.png,OK,
standard-matte-black-mr30189016518,9413372379371,MR30189016518,query=MR301 Black pn=MR30167060500,Img0001,https://wheels.autosyncstudio.com/png/Method/The-Standard_MR301_Matte_Black_6-lug_0001.png,OK,
standard-matte-black-mr30189016518,9413372379371,MR30189016518,query=MR301 Black pn=MR30167060500,Img0003,https://wheels.autosyncstudio.com/png/Method/The-Standard_MR301_Matte_Black_6-lug_0003.png,OK,
standard-matte-black-mr30129060518,9413372608747,MR30129060518,query=MR301 Black pn=MR30167060500,Img0001,https://wheels.autosyncstudio.com/png/Method/The-Standard_MR301_Matte_Black_6-lug_0001.png,OK,
standard-matte-black-mr30129060518,9413372608747,MR30129060518,query=MR301 Black pn=MR30167060500,Img0003,https://wheels.autosyncstudio.com/png/Method/The-Standard_MR301_Matte_Black_6-lug_0003.png,OK,
standard-matte-black-mr30129016518,9413372641515,MR30129016518,query=MR301 Black pn=MR30167060500,Img0001,https://wheels.autosyncstudio.com/png/Method/The-Standard_MR301_Matte_Black_6-lug_0001.png,OK,
standard-matte-black-mr30129016518,9413372641515,MR30129016518,query=MR301 Black pn=MR30167060500,Img0003,https://wheels.autosyncstudio.com/png/Method/The-Standard_MR301_Matte_Black_6-lug_0003.png,OK,
704-hd-matte-black-mr70479080518h,9413374902507,MR70479080518H,pn=MR70479080518H,Img0001,https://wheels.autosyncstudio.com/png/Method/MR704_HD_Matte_Black_8-lug_0001.png,OK,
704-hd-matte-black-mr70479080518h,9413374902507,MR70479080518H,pn=MR70479080518H,Img0002,https://wheels.autosyncstudio.com/png/Method/MR704_HD_Matte_Black_8-lug_0002.png,OK,
704-hd-matte-black-mr70479080518h,9413374902507,MR70479080518H,pn=MR70479080518H,Img0003,https://wheels.autosyncstudio.com/png/Method/MR704_HD_Matte_Black_8-lug_0003.png,OK,
704-hd-matte-black-mr70479087518h,9413374968043,MR70479087518H,pn=MR70479087518H,Img0001,https://wheels.autosyncstudio.com/png/Method/MR704_HD_Matte_Black_8-lug_0001.png,OK,
704-hd-matte-black-mr70479087518h,9413374968043,MR70479087518H,pn=MR70479087518H,Img0002,https://wheels.autosyncstudio.com/png/Method/MR704_HD_Matte_Black_8-lug_0002.png,OK,
704-hd-matte-black-mr70479087518h,9413374968043,MR70479087518H,pn=MR70479087518H,Img0003,https://wheels.autosyncstudio.com/png/Method/MR704_HD_Matte_Black_8-lug_0003.png,OK,
704-hd-matte-black-mr70479088518h,9413375066347,MR70479088518H,pn=MR70479088518H,Img0001,https://wheels.autosyncstudio.com/png/Method/MR704_HD_Matte_Black_8-lug_0001.png,OK,
704-hd-matte-black-mr70479088518h,9413375066347,MR70479088518H,pn=MR70479088518H,Img0002,https://wheels.autosyncstudio.com/png/Method/MR704_HD_Matte_Black_8-lug_0002.png,OK,
704-hd-matte-black-mr70479088518h,9413375066347,MR70479088518H,pn=MR70479088518H,Img0003,https://wheels.autosyncstudio.com/png/Method/MR704_HD_Matte_Black_8-lug_0003.png,OK,
704-hd-titanium-mr70479087818h,9413375426795,MR70479087818H,pn=MR70479087818H,Img0001,https://wheels.autosyncstudio.com/png/Method/MR704_HD_Titanium_8-lug_0001.png,OK,
704-hd-titanium-mr70479087818h,9413375426795,MR70479087818H,pn=MR70479087818H,Img0002,https://wheels.autosyncstudio.com/png/Method/MR704_HD_Titanium_8-lug_0002.png,OK,
704-hd-titanium-mr70479087818h,9413375426795,MR70479087818H,pn=MR70479087818H,Img0003,https://wheels.autosyncstudio.com/png/Method/MR704_HD_Titanium_8-lug_0003.png,OK,
704-hd-titanium-mr70479088818h,9413375459563,MR70479088818H,query=MR704 Gray pn=MR70478560800,Img0001,https://wheels.autosyncstudio.com/png/Method/MR704_Titanium_6-lug_0001.png,OK,
704-hd-titanium-mr70479088818h,9413375459563,MR70479088818H,query=MR704 Gray pn=MR70478560800,Img0002,https://wheels.autosyncstudio.com/png/Method/MR704_Titanium_6-lug_0002.png,OK,
704-hd-titanium-mr70479088818h,9413375459563,MR70479088818H,query=MR704 Gray pn=MR70478560800,Img0003,https://wheels.autosyncstudio.com/png/Method/MR704_Titanium_6-lug_0003.png,OK,
truck-beadlock-machined-mr10179070312br,9413375525099,MR10179070312BR,pn=MR10179070312BR,Img0001,https://wheels.autosyncstudio.com/png/Method/Beadlock_MR101_Raw-Machined_6-lug_0001.png,OK,
truck-beadlock-machined-mr10179070312br,9413375525099,MR10179070312BR,pn=MR10179070312BR,Img0002,https://wheels.autosyncstudio.com/png/Method/Beadlock_MR101_Raw-Machined_6-lug_0002.png,OK,
truck-beadlock-machined-mr10179070312br,9413375525099,MR10179070312BR,pn=MR10179070312BR,Img0003,https://wheels.autosyncstudio.com/png/Method/Beadlock_MR101_Raw-Machined_6-lug_0003.png,OK,
103-beadlock-machined-mr10358055324br,9413375787243,MR10358055324BR,pn=MR10358055324BR,Img0001,https://wheels.autosyncstudio.com/png/Method/Beadlock_MR103_Raw-Machined_5-lug_0001.png,OK,
103-beadlock-machined-mr10358055324br,9413375787243,MR10358055324BR,pn=MR10358055324BR,Img0003,https://wheels.autosyncstudio.com/png/Method/Beadlock_MR103_Raw-Machined_5-lug_0003.png,OK,
103-beadlock-machined-mr10358060324br,9413375885547,MR10358060324BR,pn=MR10358060324BR,Img0001,https://wheels.autosyncstudio.com/png/Method/Beadlock_MR103_Raw-Machined_6-lug_0001.png,OK,
103-beadlock-machined-mr10358060324br,9413375885547,MR10358060324BR,pn=MR10358060324BR,Img0002,https://wheels.autosyncstudio.com/png/Method/Beadlock_MR103_Raw-Machined_6-lug_0002.png,OK,
103-beadlock-machined-mr10358060324br,9413375885547,MR10358060324BR,pn=MR10358060324BR,Img0003,https://wheels.autosyncstudio.com/png/Method/Beadlock_MR103_Raw-Machined_6-lug_0003.png,OK,
103-beadlock-machined-mr10379055312br,9413375918315,MR10379055312BR,pn=MR10379055312BR,Img0001,https://wheels.autosyncstudio.com/png/Method/Beadlock_MR103_Raw-Machined_5-lug_0001.png,OK,
103-beadlock-machined-mr10379055312br,9413375918315,MR10379055312BR,pn=MR10379055312BR,Img0003,https://wheels.autosyncstudio.com/png/Method/Beadlock_MR103_Raw-Machined_5-lug_0003.png,OK,
103-beadlock-machined-mr10379060312b,9413375983851,MR10379060312B,pn=MR10379060312B,Img0001,https://wheels.autosyncstudio.com/png/Method/Beadlock_MR103_Raw-Machined_6-lug_0001.png,OK,
103-beadlock-machined-mr10379060312b,9413375983851,MR10379060312B,pn=MR10379060312B,Img0002,https://wheels.autosyncstudio.com/png/Method/Beadlock_MR103_Raw-Machined_6-lug_0002.png,OK,
103-beadlock-machined-mr10379060312b,9413375983851,MR10379060312B,pn=MR10379060312B,Img0003,https://wheels.autosyncstudio.com/png/Method/Beadlock_MR103_Raw-Machined_6-lug_0003.png,OK,
103-beadlock-machined-mr10379070312br,9413376049387,MR10379070312BR,pn=MR10379070312BR,Img0001,https://wheels.autosyncstudio.com/png/Method/Beadlock_MR103_Raw-Machined_6-lug_0001.png,OK,
103-beadlock-machined-mr10379070312br,9413376049387,MR10379070312BR,pn=MR10379070312BR,Img0002,https://wheels.autosyncstudio.com/png/Method/Beadlock_MR103_Raw-Machined_6-lug_0002.png,OK,
103-beadlock-machined-mr10379070312br,9413376049387,MR10379070312BR,pn=MR10379070312BR,Img0003,https://wheels.autosyncstudio.com/png/Method/Beadlock_MR103_Raw-Machined_6-lug_0003.png,OK,
103-beadlock-machined-mr10379070325br,9413376082155,MR10379070325BR,pn=MR10379070325BR,Img0001,https://wheels.autosyncstudio.com/png/Method/Beadlock_MR103_Raw-Machined_6-lug_0001.png,OK,
103-beadlock-machined-mr10379070325br,9413376082155,MR10379070325BR,pn=MR10379070325BR,Img0002,https://wheels.autosyncstudio.com/png/Method/Beadlock_MR103_Raw-Machined_6-lug_0002.png,OK,
103-beadlock-machined-mr10379070325br,9413376082155,MR10379070325BR,pn=MR10379070325BR,Img0003,https://wheels.autosyncstudio.com/png/Method/Beadlock_MR103_Raw-Machined_6-lug_0003.png,OK,
103-beadlock-machined-mr10379070312hbvr,9413376147691,MR10379070312HBVR,query=MR103 Silver pn=MR10354519325B,Img0001,https://wheels.autosyncstudio.com/png/Method/Buggy-Beadlock_MR103_Raw-Machined_5-lug_0001.png,OK,
103-beadlock-machined-mr10379070312hbvr,9413376147691,MR10379070312HBVR,query=MR103 Silver pn=MR10354519325B,Img0002,https://wheels.autosyncstudio.com/png/Method/Buggy-Beadlock_MR103_Raw-Machined_5-lug_0002.png,OK,
103-beadlock-machined-mr10379070312hbvr,9413376147691,MR10379070312HBVR,query=MR103 Silver pn=MR10354519325B,Img0003,https://wheels.autosyncstudio.com/png/Method/Buggy-Beadlock_MR103_Raw-Machined_5-lug_0003.png,OK,
103-beadlock-machined-mr10379060312br,9413376245995,MR10379060312BR,pn=MR10379060312BR,Img0001,https://wheels.autosyncstudio.com/png/Method/Beadlock_MR103_Raw-Machined_6-lug_0001.png,OK,
103-beadlock-machined-mr10379060312br,9413376245995,MR10379060312BR,pn=MR10379060312BR,Img0002,https://wheels.autosyncstudio.com/png/Method/Beadlock_MR103_Raw-Machined_6-lug_0002.png,OK,
103-beadlock-machined-mr10379060312br,9413376245995,MR10379060312BR,pn=MR10379060312BR,Img0003,https://wheels.autosyncstudio.com/png/Method/Beadlock_MR103_Raw-Machined_6-lug_0003.png,OK,
103-beadlock-machined-mr10379087312b,9413376377067,MR10379087312B,pn=MR10379087312B,Img0001,https://wheels.autosyncstudio.com/png/Method/Beadlock_MR103_Raw-Machined_8-lug_0001.png,OK,
103-beadlock-machined-mr10379087312b,9413376377067,MR10379087312B,pn=MR10379087312B,Img0003,https://wheels.autosyncstudio.com/png/Method/Beadlock_MR103_Raw-Machined_8-lug_0003.png,OK,
106-beadlock-machined-mr10679050344b,9413376475371,MR10679050344B,pn=MR10679050344B,Img0001,https://wheels.autosyncstudio.com/png/Method/Beadlock_MR106_Machined_Clear-Coat_5-lug_0001.png,OK,
106-beadlock-machined-mr10679050344b,9413376475371,MR10679050344B,pn=MR10679050344B,Img0003,https://wheels.autosyncstudio.com/png/Method/Beadlock_MR106_Machined_Clear-Coat_5-lug_0003.png,OK,
106-beadlock-machined-mr10679060344b,9413376540907,MR10679060344B,pn=MR10679060344B,Img0001,https://wheels.autosyncstudio.com/png/Method/Beadlock_MR106_Machined_Clear-Coat_6-lug_0001.png,OK,
106-beadlock-machined-mr10679060344b,9413376540907,MR10679060344B,pn=MR10679060344B,Img0002,https://wheels.autosyncstudio.com/png/Method/Beadlock_MR106_Machined_Clear-Coat_6-lug_0002.png,OK,
106-beadlock-machined-mr10679060344b,9413376540907,MR10679060344B,pn=MR10679060344B,Img0003,https://wheels.autosyncstudio.com/png/Method/Beadlock_MR106_Machined_Clear-Coat_6-lug_0003.png,OK,
106-beadlock-machined-mr10679080344b,9413376606443,MR10679080344B,pn=MR10679080344B,Img0001,https://wheels.autosyncstudio.com/png/Method/Beadlock_MR106_Machined_Clear-Coat_8-lug_0001.png,OK,
106-beadlock-machined-mr10679080344b,9413376606443,MR10679080344B,pn=MR10679080344B,Img0003,https://wheels.autosyncstudio.com/png/Method/Beadlock_MR106_Machined_Clear-Coat_8-lug_0003.png,OK,
106-beadlock-bronze-mr10679080944b,9413376966891,MR10679080944B,query=MR106 Bronze pn=MR10679050944B,Img0001,https://wheels.autosyncstudio.com/png/Method/Beadlock_MR106_Method-Bronze_5-lug_0001.png,OK,
106-beadlock-bronze-mr10679080944b,9413376966891,MR10679080944B,query=MR106 Bronze pn=MR10679050944B,Img0003,https://wheels.autosyncstudio.com/png/Method/Beadlock_MR106_Method-Bronze_5-lug_0003.png,OK,
202-forged-machined-mr20279070312bvr,9413377065195,MR20279070312BVR,pn=MR20279070312BVR,Img0001,https://wheels.autosyncstudio.com/png/Method/Forged_MR202_Raw-Machined_6-lug_0001.png,OK,
202-forged-machined-mr20279070312bvr,9413377065195,MR20279070312BVR,pn=MR20279070312BVR,Img0002,https://wheels.autosyncstudio.com/png/Method/Forged_MR202_Raw-Machined_6-lug_0002.png,OK,
202-forged-machined-mr20279070312bvr,9413377065195,MR20279070312BVR,pn=MR20279070312BVR,Img0003,https://wheels.autosyncstudio.com/png/Method/Forged_MR202_Raw-Machined_6-lug_0003.png,OK,
202-forged-machined-mr20279060312bvr,9413377130731,MR20279060312BVR,query=MR202 Silver pn=MR20279070312BVR,Img0001,https://wheels.autosyncstudio.com/png/Method/Forged_MR202_Raw-Machined_6-lug_0001.png,OK,
202-forged-machined-mr20279060312bvr,9413377130731,MR20279060312BVR,query=MR202 Silver pn=MR20279070312BVR,Img0002,https://wheels.autosyncstudio.com/png/Method/Forged_MR202_Raw-Machined_6-lug_0002.png,OK,
202-forged-machined-mr20279060312bvr,9413377130731,MR20279060312BVR,query=MR202 Silver pn=MR20279070312BVR,Img0003,https://wheels.autosyncstudio.com/png/Method/Forged_MR202_Raw-Machined_6-lug_0003.png,OK,
202-forged-machined-mr20279070325bvr,9413377196267,MR20279070325BVR,pn=MR20279070325BVR,Img0001,https://wheels.autosyncstudio.com/png/Method/Forged_MR202_Raw-Machined_6-lug_0001.png,OK,
202-forged-machined-mr20279070325bvr,9413377196267,MR20279070325BVR,pn=MR20279070325BVR,Img0002,https://wheels.autosyncstudio.com/png/Method/Forged_MR202_Raw-Machined_6-lug_0002.png,OK,
202-forged-machined-mr20279070325bvr,9413377196267,MR20279070325BVR,pn=MR20279070325BVR,Img0003,https://wheels.autosyncstudio.com/png/Method/Forged_MR202_Raw-Machined_6-lug_0003.png,OK,
305-double-black-mr305680601000,9413377360107,MR305680601000,pn=MR305680601000,Img0001,https://wheels.autosyncstudio.com/png/Method/NV_MR305_Double-Black_6-lug_0001.png,OK,
305-double-black-mr305680601000,9413377360107,MR305680601000,pn=MR305680601000,Img0002,https://wheels.autosyncstudio.com/png/Method/NV_MR305_Double-Black_6-lug_0002.png,OK,
305-double-black-mr305680601000,9413377360107,MR305680601000,pn=MR305680601000,Img0003,https://wheels.autosyncstudio.com/png/Method/NV_MR305_Double-Black_6-lug_0003.png,OK,
305-double-black-mr305785581000,9413377458411,MR305785581000,pn=MR305785581000,Img0001,https://wheels.autosyncstudio.com/png/Method/NV_MR305_Double-Black_5-lug_0001.png,OK,
305-double-black-mr305785581000,9413377458411,MR305785581000,pn=MR305785581000,Img0002,https://wheels.autosyncstudio.com/png/Method/NV_MR305_Double-Black_5-lug_0002.png,OK,
305-double-black-mr305785581000,9413377458411,MR305785581000,pn=MR305785581000,Img0003,https://wheels.autosyncstudio.com/png/Method/NV_MR305_Double-Black_5-lug_0003.png,OK,
305-double-black-mr305785161000,9413377556715,MR305785161000,pn=MR305785161000,Img0001,https://wheels.autosyncstudio.com/png/Method/NV_MR305_Double-Black_6-lug_0001.png,OK,
305-double-black-mr305785161000,9413377556715,MR305785161000,pn=MR305785161000,Img0002,https://wheels.autosyncstudio.com/png/Method/NV_MR305_Double-Black_6-lug_0002.png,OK,
305-double-black-mr305785161000,9413377556715,MR305785161000,pn=MR305785161000,Img0003,https://wheels.autosyncstudio.com/png/Method/NV_MR305_Double-Black_6-lug_0003.png,OK,
305-double-black-mr305785501000,9413377589483,MR305785501000,pn=MR305785501000,Img0001,https://wheels.autosyncstudio.com/png/Method/NV_MR305_Double-Black_5-lug_0001.png,OK,
305-double-black-mr305785501000,9413377589483,MR305785501000,pn=MR305785501000,Img0002,https://wheels.autosyncstudio.com/png/Method/NV_MR305_Double-Black_5-lug_0002.png,OK,
305-double-black-mr305785501000,9413377589483,MR305785501000,pn=MR305785501000,Img0003,https://wheels.autosyncstudio.com/png/Method/NV_MR305_Double-Black_5-lug_0003.png,OK,
305-double-black-mr305785601000,9413377687787,MR305785601000,pn=MR305785601000,Img0001,https://wheels.autosyncstudio.com/png/Method/NV_MR305_Double-Black_6-lug_0001.png,OK,
305-double-black-mr305785601000,9413377687787,MR305785601000,pn=MR305785601000,Img0002,https://wheels.autosyncstudio.com/png/Method/NV_MR305_Double-Black_6-lug_0002.png,OK,
305-double-black-mr305785601000,9413377687787,MR305785601000,pn=MR305785601000,Img0003,https://wheels.autosyncstudio.com/png/Method/NV_MR305_Double-Black_6-lug_0003.png,OK,
305-double-black-mr305785601025,9413377753323,MR305785601025,pn=MR305785601025,Img0001,https://wheels.autosyncstudio.com/png/Method/NV_MR305_Double-Black_6-lug_0001.png,OK,
305-double-black-mr305785601025,9413377753323,MR305785601025,pn=MR305785601025,Img0002,https://wheels.autosyncstudio.com/png/Method/NV_MR305_Double-Black_6-lug_0002.png,OK,
305-double-black-mr305785601025,9413377753323,MR305785601025,pn=MR305785601025,Img0003,https://wheels.autosyncstudio.com/png/Method/NV_MR305_Double-Black_6-lug_0003.png,OK,
305-double-black-mr305785801000,9413377818859,MR305785801000,pn=MR305785801000,Img0001,https://wheels.autosyncstudio.com/png/Method/NV_MR305_Double-Black_8-lug_0001.png,OK,
305-double-black-mr305785801000,9413377818859,MR305785801000,pn=MR305785801000,Img0002,https://wheels.autosyncstudio.com/png/Method/NV_MR305_Double-Black_8-lug_0002.png,OK,
305-double-black-mr305785801000,9413377818859,MR305785801000,pn=MR305785801000,Img0003,https://wheels.autosyncstudio.com/png/Method/NV_MR305_Double-Black_8-lug_0003.png,OK,
305-double-black-mr305890601012n,9413377884395,MR305890601012N,pn=MR305890601012N,Img0001,https://wheels.autosyncstudio.com/png/Method/NV_MR305_Double-Black_6-lug_0001.png,OK,
305-double-black-mr305890601012n,9413377884395,MR305890601012N,pn=MR305890601012N,Img0002,https://wheels.autosyncstudio.com/png/Method/NV_MR305_Double-Black_6-lug_0002.png,OK,
305-double-black-mr305890601012n,9413377884395,MR305890601012N,pn=MR305890601012N,Img0003,https://wheels.autosyncstudio.com/png/Method/NV_MR305_Double-Black_6-lug_0003.png,OK,
305-double-black-mr305890581025,9413377982699,MR305890581025,pn=MR305890581025,Img0001,https://wheels.autosyncstudio.com/png/Method/NV_MR305_Double-Black_5-lug_0001.png,OK,
305-double-black-mr305890581025,9413377982699,MR305890581025,pn=MR305890581025,Img0002,https://wheels.autosyncstudio.com/png/Method/NV_MR305_Double-Black_5-lug_0002.png,OK,
305-double-black-mr305890581025,9413377982699,MR305890581025,pn=MR305890581025,Img0003,https://wheels.autosyncstudio.com/png/Method/NV_MR305_Double-Black_5-lug_0003.png,OK,
305-double-black-mr305890601018,9413378015467,MR305890601018,pn=MR305890601018,Img0001,https://wheels.autosyncstudio.com/png/Method/NV_MR305_Double-Black_6-lug_0001.png,OK,
305-double-black-mr305890601018,9413378015467,MR305890601018,pn=MR305890601018,Img0002,https://wheels.autosyncstudio.com/png/Method/NV_MR305_Double-Black_6-lug_0002.png,OK,
305-double-black-mr305890601018,9413378015467,MR305890601018,pn=MR305890601018,Img0003,https://wheels.autosyncstudio.com/png/Method/NV_MR305_Double-Black_6-lug_0003.png,OK,
305-double-black-mr305890801018,9413378146539,MR305890801018,pn=MR305890801018,Img0001,https://wheels.autosyncstudio.com/png/Method/NV_MR305-BK_Double-Black_8-lug_0001.png,OK,
305-double-black-mr305890801018,9413378146539,MR305890801018,pn=MR305890801018,Img0002,https://wheels.autosyncstudio.com/png/Method/NV_MR305-BK_Double-Black_8-lug_0002.png,OK,
305-double-black-mr305890801018,9413378146539,MR305890801018,pn=MR305890801018,Img0003,https://wheels.autosyncstudio.com/png/Method/NV_MR305-BK_Double-Black_8-lug_0003.png,OK,
buggy-beadlock-machined-mr10155519320b,9413381423339,MR10155519320B,pn=MR10155519320B,Img0001,https://wheels.autosyncstudio.com/png/Method/Buggy-Beadlock_MR101_Raw-Machined_5-lug_0001.png,OK,
buggy-beadlock-machined-mr10155519320b,9413381423339,MR10155519320B,pn=MR10155519320B,Img0002,https://wheels.autosyncstudio.com/png/Method/Buggy-Beadlock_MR101_Raw-Machined_5-lug_0002.png,OK,
buggy-beadlock-machined-mr10155519320b,9413381423339,MR10155519320B,pn=MR10155519320B,Img0003,https://wheels.autosyncstudio.com/png/Method/Buggy-Beadlock_MR101_Raw-Machined_5-lug_0003.png,OK,
buggy-beadlock-machined-mr10178019351b,9413381456107,MR10178019351B,pn=MR10178019351B,Img0001,https://wheels.autosyncstudio.com/png/Method/Buggy-Beadlock_MR101_Raw-Machined_5-lug_0001.png,OK,
buggy-beadlock-machined-mr10178019351b,9413381456107,MR10178019351B,pn=MR10178019351B,Img0002,https://wheels.autosyncstudio.com/png/Method/Buggy-Beadlock_MR101_Raw-Machined_5-lug_0002.png,OK,
buggy-beadlock-machined-mr10178019351b,9413381456107,MR10178019351B,pn=MR10178019351B,Img0003,https://wheels.autosyncstudio.com/png/Method/Buggy-Beadlock_MR101_Raw-Machined_5-lug_0003.png,OK,
103-buggy-beadlock-machined-mr10354519325b,9413381521643,MR10354519325B,pn=MR10354519325B,Img0001,https://wheels.autosyncstudio.com/png/Method/Buggy-Beadlock_MR103_Raw-Machined_5-lug_0001.png,OK,
103-buggy-beadlock-machined-mr10354519325b,9413381521643,MR10354519325B,pn=MR10354519325B,Img0002,https://wheels.autosyncstudio.com/png/Method/Buggy-Beadlock_MR103_Raw-Machined_5-lug_0002.png,OK,
103-buggy-beadlock-machined-mr10354519325b,9413381521643,MR10354519325B,pn=MR10354519325B,Img0003,https://wheels.autosyncstudio.com/png/Method/Buggy-Beadlock_MR103_Raw-Machined_5-lug_0003.png,OK,
103-buggy-beadlock-machined-mr10357019325b,9413381554411,MR10357019325B,pn=MR10357019325B,Img0001,https://wheels.autosyncstudio.com/png/Method/Buggy-Beadlock_MR103_Raw-Machined_5-lug_0001.png,OK,
103-buggy-beadlock-machined-mr10357019325b,9413381554411,MR10357019325B,pn=MR10357019325B,Img0002,https://wheels.autosyncstudio.com/png/Method/Buggy-Beadlock_MR103_Raw-Machined_5-lug_0002.png,OK,
103-buggy-beadlock-machined-mr10357019325b,9413381554411,MR10357019325B,pn=MR10357019325B,Img0003,https://wheels.autosyncstudio.com/png/Method/Buggy-Beadlock_MR103_Raw-Machined_5-lug_0003.png,OK,
103-buggy-beadlock-machined-mr10357019345b,9413381587179,MR10357019345B,pn=MR10357019345B,Img0001,https://wheels.autosyncstudio.com/png/Method/Buggy-Beadlock_MR103_Raw-Machined_5-lug_0001.png,OK,
103-buggy-beadlock-machined-mr10357019345b,9413381587179,MR10357019345B,pn=MR10357019345B,Img0002,https://wheels.autosyncstudio.com/png/Method/Buggy-Beadlock_MR103_Raw-Machined_5-lug_0002.png,OK,
103-buggy-beadlock-machined-mr10357019345b,9413381587179,MR10357019345B,pn=MR10357019345B,Img0003,https://wheels.autosyncstudio.com/png/Method/Buggy-Beadlock_MR103_Raw-Machined_5-lug_0003.png,OK,
103-buggy-beadlock-machined-mr10376519319b,9413381652715,MR10376519319B,pn=MR10376519319B,Img0001,https://wheels.autosyncstudio.com/png/Method/Buggy-Beadlock_MR103_Raw-Machined_5-lug_0001.png,OK,
103-buggy-beadlock-machined-mr10376519319b,9413381652715,MR10376519319B,pn=MR10376519319B,Img0002,https://wheels.autosyncstudio.com/png/Method/Buggy-Beadlock_MR103_Raw-Machined_5-lug_0002.png,OK,
103-buggy-beadlock-machined-mr10376519319b,9413381652715,MR10376519319B,pn=MR10376519319B,Img0003,https://wheels.autosyncstudio.com/png/Method/Buggy-Beadlock_MR103_Raw-Machined_5-lug_0003.png,OK,
103-buggy-beadlock-machined-mr10378019300b,9413381849323,MR10378019300B,pn=MR10378019300B,Img0001,https://wheels.autosyncstudio.com/png/Method/Buggy-Beadlock_MR103_Raw-Machined_5-lug_0001.png,OK,
103-buggy-beadlock-machined-mr10378019300b,9413381849323,MR10378019300B,pn=MR10378019300B,Img0002,https://wheels.autosyncstudio.com/png/Method/Buggy-Beadlock_MR103_Raw-Machined_5-lug_0002.png,OK,
103-buggy-beadlock-machined-mr10378019300b,9413381849323,MR10378019300B,pn=MR10378019300B,Img0003,https://wheels.autosyncstudio.com/png/Method/Buggy-Beadlock_MR103_Raw-Machined_5-lug_0003.png,OK,
107-bead-grip-titanium,9413382045931,,pn=,Img0001,https://wheels.autosyncstudio.com/png/4PLAY/4P06_BB_Brushed_Black_5-lug_0001.png,OK,
107-bead-grip-titanium,9413382045931,,pn=,Img0002,https://wheels.autosyncstudio.com/png/4PLAY/4P06_BB_Brushed_Black_5-lug_0002.png,OK,
107-bead-grip-titanium,9413382045931,,pn=,Img0003,https://wheels.autosyncstudio.com/png/4PLAY/4P06_BB_Brushed_Black_5-lug_0003.png,OK,
108-gloss-titanium-mr10879080844b,9413382308075,MR10879080844B,pn=MR10879080844B,Img0001,https://wheels.autosyncstudio.com/png/Method/MR108_Gloss_Titanium_8-lug_0001.png,OK,
108-gloss-titanium-mr10879080844b,9413382308075,MR10879080844B,pn=MR10879080844B,Img0002,https://wheels.autosyncstudio.com/png/Method/MR108_Gloss_Titanium_8-lug_0002.png,OK,
108-gloss-titanium-mr10879080844b,9413382308075,MR10879080844B,pn=MR10879080844B,Img0003,https://wheels.autosyncstudio.com/png/Method/MR108_Gloss_Titanium_8-lug_0003.png,OK,
201-forged-machined-mr20179055312bvr,9413382570219,MR20179055312BVR,model=MR201 color=Silver,,,NO_MATCH,
201-forged-machined-mr20179055325bvr,9413382668523,MR20179055325BVR,model=MR201 color=Silver,,,NO_MATCH,
314-gloss-titanium-mr31478560800,9413388599531,MR31478560800,pn=MR31478560800,Img0001,https://wheels.autosyncstudio.com/png/Method/MR314_Gloss_Titanium_6-lug_0001.png,OK,
314-gloss-titanium-mr31478560800,9413388599531,MR31478560800,pn=MR31478560800,Img0002,https://wheels.autosyncstudio.com/png/Method/MR314_Gloss_Titanium_6-lug_0002.png,OK,
314-gloss-titanium-mr31478560800,9413388599531,MR31478560800,pn=MR31478560800,Img0003,https://wheels.autosyncstudio.com/png/Method/MR314_Gloss_Titanium_6-lug_0003.png,OK,
314-gloss-titanium-mr31478580800,9413388665067,MR31478580800,query=MR314 Gray pn=MR31478560800,Img0001,https://wheels.autosyncstudio.com/png/Method/MR314_Gloss_Titanium_6-lug_0001.png,OK,
314-gloss-titanium-mr31478580800,9413388665067,MR31478580800,query=MR314 Gray pn=MR31478560800,Img0002,https://wheels.autosyncstudio.com/png/Method/MR314_Gloss_Titanium_6-lug_0002.png,OK,
314-gloss-titanium-mr31478580800,9413388665067,MR31478580800,query=MR314 Gray pn=MR31478560800,Img0003,https://wheels.autosyncstudio.com/png/Method/MR314_Gloss_Titanium_6-lug_0003.png,OK,
314-gloss-titanium-mr31489060818,9413388697835,MR31489060818,query=MR314 Gray pn=MR31478560800,Img0001,https://wheels.autosyncstudio.com/png/Method/MR314_Gloss_Titanium_6-lug_0001.png,OK,
314-gloss-titanium-mr31489060818,9413388697835,MR31489060818,query=MR314 Gray pn=MR31478560800,Img0002,https://wheels.autosyncstudio.com/png/Method/MR314_Gloss_Titanium_6-lug_0002.png,OK,
314-gloss-titanium-mr31489060818,9413388697835,MR31489060818,query=MR314 Gray pn=MR31478560800,Img0003,https://wheels.autosyncstudio.com/png/Method/MR314_Gloss_Titanium_6-lug_0003.png,OK,
316-gloss-black-mr316290501318,9413392400619,MR316290501318,query=MR316 Black pn=MR31678516500,Img0001,https://wheels.autosyncstudio.com/png/Method/MR316_Matte_Black_6-lug_0001.png,OK,
316-gloss-black-mr316290501318,9413392400619,MR316290501318,query=MR316 Black pn=MR31678516500,Img0002,https://wheels.autosyncstudio.com/png/Method/MR316_Matte_Black_6-lug_0002.png,OK,
316-gloss-black-mr316290501318,9413392400619,MR316290501318,query=MR316 Black pn=MR31678516500,Img0003,https://wheels.autosyncstudio.com/png/Method/MR316_Matte_Black_6-lug_0003.png,OK,
316-gloss-black-mr316290161318,9413392466155,MR316290161318,query=MR316 Black pn=MR31678516500,Img0001,https://wheels.autosyncstudio.com/png/Method/MR316_Matte_Black_6-lug_0001.png,OK,
316-gloss-black-mr316290161318,9413392466155,MR316290161318,query=MR316 Black pn=MR31678516500,Img0002,https://wheels.autosyncstudio.com/png/Method/MR316_Matte_Black_6-lug_0002.png,OK,
316-gloss-black-mr316290161318,9413392466155,MR316290161318,query=MR316 Black pn=MR31678516500,Img0003,https://wheels.autosyncstudio.com/png/Method/MR316_Matte_Black_6-lug_0003.png,OK,
316-gloss-black-mr316290601318,9413392531691,MR316290601318,query=MR316 Black pn=MR31678516500,Img0001,https://wheels.autosyncstudio.com/png/Method/MR316_Matte_Black_6-lug_0001.png,OK,
316-gloss-black-mr316290601318,9413392531691,MR316290601318,query=MR316 Black pn=MR31678516500,Img0002,https://wheels.autosyncstudio.com/png/Method/MR316_Matte_Black_6-lug_0002.png,OK,
316-gloss-black-mr316290601318,9413392531691,MR316290601318,query=MR316 Black pn=MR31678516500,Img0003,https://wheels.autosyncstudio.com/png/Method/MR316_Matte_Black_6-lug_0003.png,OK,
316-gloss-black-mr316290601300,9413392597227,MR316290601300,query=MR316 Black pn=MR31678516500,Img0001,https://wheels.autosyncstudio.com/png/Method/MR316_Matte_Black_6-lug_0001.png,OK,
316-gloss-black-mr316290601300,9413392597227,MR316290601300,query=MR316 Black pn=MR31678516500,Img0002,https://wheels.autosyncstudio.com/png/Method/MR316_Matte_Black_6-lug_0002.png,OK,
316-gloss-black-mr316290601300,9413392597227,MR316290601300,query=MR316 Black pn=MR31678516500,Img0003,https://wheels.autosyncstudio.com/png/Method/MR316_Matte_Black_6-lug_0003.png,OK,
316-gloss-black-mr316290871318,9413392629995,MR316290871318,pn=MR316290871318,Img0001,https://wheels.autosyncstudio.com/png/Method/MR316_GB_Gloss_Black_8-lug_0001.png,OK,
316-gloss-black-mr316290871318,9413392629995,MR316290871318,pn=MR316290871318,Img0002,https://wheels.autosyncstudio.com/png/Method/MR316_GB_Gloss_Black_8-lug_0002.png,OK,
316-gloss-black-mr316290871318,9413392629995,MR316290871318,pn=MR316290871318,Img0003,https://wheels.autosyncstudio.com/png/Method/MR316_GB_Gloss_Black_8-lug_0003.png,OK,
316-gloss-black-mr316290881318,9413392761067,MR316290881318,query=MR316 Black pn=MR31678516500,Img0001,https://wheels.autosyncstudio.com/png/Method/MR316_Matte_Black_6-lug_0001.png,OK,
316-gloss-black-mr316290881318,9413392761067,MR316290881318,query=MR316 Black pn=MR31678516500,Img0002,https://wheels.autosyncstudio.com/png/Method/MR316_Matte_Black_6-lug_0002.png,OK,
316-gloss-black-mr316290881318,9413392761067,MR316290881318,query=MR316 Black pn=MR31678516500,Img0003,https://wheels.autosyncstudio.com/png/Method/MR316_Matte_Black_6-lug_0003.png,OK,
316-gloss-black-mr316290801318,9413392826603,MR316290801318,query=MR316 Black pn=MR31678516500,Img0001,https://wheels.autosyncstudio.com/png/Method/MR316_Matte_Black_6-lug_0001.png,OK,
316-gloss-black-mr316290801318,9413392826603,MR316290801318,query=MR316 Black pn=MR31678516500,Img0002,https://wheels.autosyncstudio.com/png/Method/MR316_Matte_Black_6-lug_0002.png,OK,
316-gloss-black-mr316290801318,9413392826603,MR316290801318,query=MR316 Black pn=MR31678516500,Img0003,https://wheels.autosyncstudio.com/png/Method/MR316_Matte_Black_6-lug_0003.png,OK,
316-gloss-black-mr316210501318n,9413393088747,MR316210501318N,query=MR316 Black pn=MR31678516500,Img0001,https://wheels.autosyncstudio.com/png/Method/MR316_Matte_Black_6-lug_0001.png,OK,
316-gloss-black-mr316210501318n,9413393088747,MR316210501318N,query=MR316 Black pn=MR31678516500,Img0002,https://wheels.autosyncstudio.com/png/Method/MR316_Matte_Black_6-lug_0002.png,OK,
316-gloss-black-mr316210501318n,9413393088747,MR316210501318N,query=MR316 Black pn=MR31678516500,Img0003,https://wheels.autosyncstudio.com/png/Method/MR316_Matte_Black_6-lug_0003.png,OK,
316-gloss-black-mr316210161318n,9413393416427,MR316210161318N,query=MR316 Black pn=MR31678516500,Img0001,https://wheels.autosyncstudio.com/png/Method/MR316_Matte_Black_6-lug_0001.png,OK,
316-gloss-black-mr316210161318n,9413393416427,MR316210161318N,query=MR316 Black pn=MR31678516500,Img0002,https://wheels.autosyncstudio.com/png/Method/MR316_Matte_Black_6-lug_0002.png,OK,
316-gloss-black-mr316210161318n,9413393416427,MR316210161318N,query=MR316 Black pn=MR31678516500,Img0003,https://wheels.autosyncstudio.com/png/Method/MR316_Matte_Black_6-lug_0003.png,OK,
316-gloss-black-mr316210601318n,9413393481963,MR316210601318N,query=MR316 Black pn=MR31678516500,Img0001,https://wheels.autosyncstudio.com/png/Method/MR316_Matte_Black_6-lug_0001.png,OK,
316-gloss-black-mr316210601318n,9413393481963,MR316210601318N,query=MR316 Black pn=MR31678516500,Img0002,https://wheels.autosyncstudio.com/png/Method/MR316_Matte_Black_6-lug_0002.png,OK,
316-gloss-black-mr316210601318n,9413393481963,MR316210601318N,query=MR316 Black pn=MR31678516500,Img0003,https://wheels.autosyncstudio.com/png/Method/MR316_Matte_Black_6-lug_0003.png,OK,
316-gloss-black-mr316210871318n,9413393547499,MR316210871318N,query=MR316 Black pn=MR31678516500,Img0001,https://wheels.autosyncstudio.com/png/Method/MR316_Matte_Black_6-lug_0001.png,OK,
316-gloss-black-mr316210871318n,9413393547499,MR316210871318N,query=MR316 Black pn=MR31678516500,Img0002,https://wheels.autosyncstudio.com/png/Method/MR316_Matte_Black_6-lug_0002.png,OK,
316-gloss-black-mr316210871318n,9413393547499,MR316210871318N,query=MR316 Black pn=MR31678516500,Img0003,https://wheels.autosyncstudio.com/png/Method/MR316_Matte_Black_6-lug_0003.png,OK,
316-gloss-black-mr316210881318n,9413393645803,MR316210881318N,query=MR316 Black pn=MR31678516500,Img0001,https://wheels.autosyncstudio.com/png/Method/MR316_Matte_Black_6-lug_0001.png,OK,
316-gloss-black-mr316210881318n,9413393645803,MR316210881318N,query=MR316 Black pn=MR31678516500,Img0002,https://wheels.autosyncstudio.com/png/Method/MR316_Matte_Black_6-lug_0002.png,OK,
316-gloss-black-mr316210881318n,9413393645803,MR316210881318N,query=MR316 Black pn=MR31678516500,Img0003,https://wheels.autosyncstudio.com/png/Method/MR316_Matte_Black_6-lug_0003.png,OK,
316-gloss-black-mr316210801318n,9413393744107,MR316210801318N,query=MR316 Black pn=MR31678516500,Img0001,https://wheels.autosyncstudio.com/png/Method/MR316_Matte_Black_6-lug_0001.png,OK,
316-gloss-black-mr316210801318n,9413393744107,MR316210801318N,query=MR316 Black pn=MR31678516500,Img0002,https://wheels.autosyncstudio.com/png/Method/MR316_Matte_Black_6-lug_0002.png,OK,
316-gloss-black-mr316210801318n,9413393744107,MR316210801318N,query=MR316 Black pn=MR31678516500,Img0003,https://wheels.autosyncstudio.com/png/Method/MR316_Matte_Black_6-lug_0003.png,OK,
beadlock-machined-utv-mr40147047352b,9413398823147,MR40147047352B,query=MR401 Silver pn=MR40155047346B2,Img0001,https://wheels.autosyncstudio.com/png/Method/MR401-R-Beadlock-UTV_SL_Machined_Raw-Machined_4-lug_0001.png,OK,
beadlock-machined-utv-mr40147047352b,9413398823147,MR40147047352B,query=MR401 Silver pn=MR40155047346B2,Img0003,https://wheels.autosyncstudio.com/png/Method/MR401-R-Beadlock-UTV_SL_Machined_Raw-Machined_4-lug_0003.png,OK,
beadlock-machined-utv-mr40147046343b,9413398888683,MR40147046343B,query=MR401 Silver pn=MR40155047346B2,Img0001,https://wheels.autosyncstudio.com/png/Method/MR401-R-Beadlock-UTV_SL_Machined_Raw-Machined_4-lug_0001.png,OK,
beadlock-machined-utv-mr40147046343b,9413398888683,MR40147046343B,query=MR401 Silver pn=MR40155047346B2,Img0003,https://wheels.autosyncstudio.com/png/Method/MR401-R-Beadlock-UTV_SL_Machined_Raw-Machined_4-lug_0003.png,OK,
405-utv-beadlock-matte-black-mr40557047543b,9413400723691,MR40557047543B,model=MR405 color=Black,,,NO_MATCH,
405-utv-beadlock-matte-black-mr40557047552b,9413400821995,MR40557047552B,model=MR405 color=Black,,,NO_MATCH,
405-utv-beadlock-matte-black-mr40557046543b,9413400854763,MR40557046543B,model=MR405 color=Black,,,NO_MATCH,
405-utv-beadlock-matte-black-mr40557046552b,9413401149675,MR40557046552B,model=MR405 color=Black,,,NO_MATCH,
405-utv-beadlock-bronze-mr40557047943b,9413401411819,MR40557047943B,model=MR405 color=Bronze,,,NO_MATCH,
405-utv-beadlock-bronze-mr40557047952b,9413401444587,MR40557047952B,model=MR405 color=Bronze,,,NO_MATCH,
405-utv-beadlock-bronze-mr40557046943b,9413401510123,MR40557046943B,model=MR405 color=Bronze,,,NO_MATCH,
405-utv-beadlock-bronze-mr40557046952b,9413401542891,MR40557046952B,model=MR405 color=Bronze,,,NO_MATCH,
406-utv-beadlock-matte-black-mr40648047544b,9413401641195,MR40648047544B,model=MR406 color=Black,,,NO_MATCH,
406-utv-beadlock-matte-black-mr40648046544b,9413401673963,MR40648046544B,model=MR406 color=Black,,,NO_MATCH,
406-utv-beadlock-matte-black-mr40641047555b,9413401772267,MR40641047555B,model=MR406 color=Black,,,NO_MATCH,
406-utv-beadlock-matte-black-mr40641046555b,9413401805035,MR40641046555B,model=MR406 color=Black,,,NO_MATCH,
406-utv-beadlock-matte-black-mr40658047544b,9413401870571,MR40658047544B,model=MR406 color=Black,,,NO_MATCH,
406-utv-beadlock-matte-black-mr40651047555b,9413402034411,MR40651047555B,model=MR406 color=Black,,,NO_MATCH,
406-utv-beadlock-matte-black-mr40651046555b,9413402132715,MR40651046555B,model=MR406 color=Black,,,NO_MATCH,
409-utv-beadlock-matte-black-mr40947047543,9413402558699,MR40947047543,query=MR409 Black pn=MR40957047543,Img0001,https://wheels.autosyncstudio.com/png/Method/MR409_Matte_Black_4-lug_0001.png,OK,
409-utv-beadlock-matte-black-mr40947047543,9413402558699,MR40947047543,query=MR409 Black pn=MR40957047543,Img0002,https://wheels.autosyncstudio.com/png/Method/MR409_Matte_Black_4-lug_0002.png,OK,
409-utv-beadlock-matte-black-mr40947047543,9413402558699,MR40947047543,query=MR409 Black pn=MR40957047543,Img0003,https://wheels.autosyncstudio.com/png/Method/MR409_Matte_Black_4-lug_0003.png,OK,
409-utv-beadlock-matte-black-mr40947046543,9413402624235,MR40947046543,query=MR409 Black pn=MR40957047543,Img0001,https://wheels.autosyncstudio.com/png/Method/MR409_Matte_Black_4-lug_0001.png,OK,
409-utv-beadlock-matte-black-mr40947046543,9413402624235,MR40947046543,query=MR409 Black pn=MR40957047543,Img0002,https://wheels.autosyncstudio.com/png/Method/MR409_Matte_Black_4-lug_0002.png,OK,
409-utv-beadlock-matte-black-mr40947046543,9413402624235,MR40947046543,query=MR409 Black pn=MR40957047543,Img0003,https://wheels.autosyncstudio.com/png/Method/MR409_Matte_Black_4-lug_0003.png,OK,
409-utv-beadlock-matte-black-mr40947047552,9413402689771,MR40947047552,query=MR409 Black pn=MR40957047543,Img0001,https://wheels.autosyncstudio.com/png/Method/MR409_Matte_Black_4-lug_0001.png,OK,
409-utv-beadlock-matte-black-mr40947047552,9413402689771,MR40947047552,query=MR409 Black pn=MR40957047543,Img0002,https://wheels.autosyncstudio.com/png/Method/MR409_Matte_Black_4-lug_0002.png,OK,
409-utv-beadlock-matte-black-mr40947047552,9413402689771,MR40947047552,query=MR409 Black pn=MR40957047543,Img0003,https://wheels.autosyncstudio.com/png/Method/MR409_Matte_Black_4-lug_0003.png,OK,
409-utv-beadlock-matte-black-mr40958046544,9413403082987,MR40958046544,query=MR409 Black pn=MR40957047543,Img0001,https://wheels.autosyncstudio.com/png/Method/MR409_Matte_Black_4-lug_0001.png,OK,
409-utv-beadlock-matte-black-mr40958046544,9413403082987,MR40958046544,query=MR409 Black pn=MR40957047543,Img0002,https://wheels.autosyncstudio.com/png/Method/MR409_Matte_Black_4-lug_0002.png,OK,
409-utv-beadlock-matte-black-mr40958046544,9413403082987,MR40958046544,query=MR409 Black pn=MR40957047543,Img0003,https://wheels.autosyncstudio.com/png/Method/MR409_Matte_Black_4-lug_0003.png,OK,
409-utv-beadlock-matte-black-mr40957012452,9413403246827,MR40957012452,pn=MR40957012452,Img0001,https://wheels.autosyncstudio.com/png/Method/MR409_Steel-Grey_4-lug_0001.png,OK,
409-utv-beadlock-matte-black-mr40957012452,9413403246827,MR40957012452,pn=MR40957012452,Img0002,https://wheels.autosyncstudio.com/png/Method/MR409_Steel-Grey_4-lug_0002.png,OK,
409-utv-beadlock-matte-black-mr40957012452,9413403246827,MR40957012452,pn=MR40957012452,Img0003,https://wheels.autosyncstudio.com/png/Method/MR409_Steel-Grey_4-lug_0003.png,OK,
409-utv-beadlock-steel-grey-mr40947046443,9413403279595,MR40947046443,query=MR409 Gray pn=MR40957046443,Img0001,https://wheels.autosyncstudio.com/png/Method/MR409_Steel-Grey_4-lug_0001.png,OK,
409-utv-beadlock-steel-grey-mr40947046443,9413403279595,MR40947046443,query=MR409 Gray pn=MR40957046443,Img0002,https://wheels.autosyncstudio.com/png/Method/MR409_Steel-Grey_4-lug_0002.png,OK,
409-utv-beadlock-steel-grey-mr40947046443,9413403279595,MR40947046443,query=MR409 Gray pn=MR40957046443,Img0003,https://wheels.autosyncstudio.com/png/Method/MR409_Steel-Grey_4-lug_0003.png,OK,
409-utv-beadlock-steel-grey-mr40947046452,9413403345131,MR40947046452,query=MR409 Gray pn=MR40957046443,Img0001,https://wheels.autosyncstudio.com/png/Method/MR409_Steel-Grey_4-lug_0001.png,OK,
409-utv-beadlock-steel-grey-mr40947046452,9413403345131,MR40947046452,query=MR409 Gray pn=MR40957046443,Img0002,https://wheels.autosyncstudio.com/png/Method/MR409_Steel-Grey_4-lug_0002.png,OK,
409-utv-beadlock-steel-grey-mr40947046452,9413403345131,MR40947046452,query=MR409 Gray pn=MR40957046443,Img0003,https://wheels.autosyncstudio.com/png/Method/MR409_Steel-Grey_4-lug_0003.png,OK,
409-utv-beadlock-steel-grey-mr40958047444,9413403607275,MR40958047444,query=MR409 Gray pn=MR40957046443,Img0001,https://wheels.autosyncstudio.com/png/Method/MR409_Steel-Grey_4-lug_0001.png,OK,
409-utv-beadlock-steel-grey-mr40958047444,9413403607275,MR40958047444,query=MR409 Gray pn=MR40957046443,Img0002,https://wheels.autosyncstudio.com/png/Method/MR409_Steel-Grey_4-lug_0002.png,OK,
409-utv-beadlock-steel-grey-mr40958047444,9413403607275,MR40958047444,query=MR409 Gray pn=MR40957046443,Img0003,https://wheels.autosyncstudio.com/png/Method/MR409_Steel-Grey_4-lug_0003.png,OK,
409-utv-beadlock-steel-grey-mr40958046444,9413403640043,MR40958046444,query=MR409 Gray pn=MR40957046443,Img0001,https://wheels.autosyncstudio.com/png/Method/MR409_Steel-Grey_4-lug_0001.png,OK,
409-utv-beadlock-steel-grey-mr40958046444,9413403640043,MR40958046444,query=MR409 Gray pn=MR40957046443,Img0002,https://wheels.autosyncstudio.com/png/Method/MR409_Steel-Grey_4-lug_0002.png,OK,
409-utv-beadlock-steel-grey-mr40958046444,9413403640043,MR40958046444,query=MR409 Gray pn=MR40957046443,Img0003,https://wheels.autosyncstudio.com/png/Method/MR409_Steel-Grey_4-lug_0003.png,OK,
409-utv-beadlock-steel-grey-mr40951047455,9413403705579,MR40951047455,query=MR409 Gray pn=MR40957046443,Img0001,https://wheels.autosyncstudio.com/png/Method/MR409_Steel-Grey_4-lug_0001.png,OK,
409-utv-beadlock-steel-grey-mr40951047455,9413403705579,MR40951047455,query=MR409 Gray pn=MR40957046443,Img0002,https://wheels.autosyncstudio.com/png/Method/MR409_Steel-Grey_4-lug_0002.png,OK,
409-utv-beadlock-steel-grey-mr40951047455,9413403705579,MR40951047455,query=MR409 Gray pn=MR40957046443,Img0003,https://wheels.autosyncstudio.com/png/Method/MR409_Steel-Grey_4-lug_0003.png,OK,
409-utv-beadlock-steel-grey-mr40951046455,9413403738347,MR40951046455,query=MR409 Gray pn=MR40957046443,Img0001,https://wheels.autosyncstudio.com/png/Method/MR409_Steel-Grey_4-lug_0001.png,OK,
409-utv-beadlock-steel-grey-mr40951046455,9413403738347,MR40951046455,query=MR409 Gray pn=MR40957046443,Img0002,https://wheels.autosyncstudio.com/png/Method/MR409_Steel-Grey_4-lug_0002.png,OK,
409-utv-beadlock-steel-grey-mr40951046455,9413403738347,MR40951046455,query=MR409 Gray pn=MR40957046443,Img0003,https://wheels.autosyncstudio.com/png/Method/MR409_Steel-Grey_4-lug_0003.png,OK,
411-utv-bead-grip-matte-black-mr41147047543,9413403836651,MR41147047543,query=MR411 Black pn=MR41151046564,Img0001,https://wheels.autosyncstudio.com/png/Method/MR411_Matte_Black_4-lug_0001.png,OK,
411-utv-bead-grip-matte-black-mr41147047543,9413403836651,MR41147047543,query=MR411 Black pn=MR41151046564,Img0002,https://wheels.autosyncstudio.com/png/Method/MR411_Matte_Black_4-lug_0002.png,OK,
411-utv-bead-grip-matte-black-mr41147047543,9413403836651,MR41147047543,query=MR411 Black pn=MR41151046564,Img0003,https://wheels.autosyncstudio.com/png/Method/MR411_Matte_Black_4-lug_0003.png,OK,
411-utv-bead-grip-matte-black-mr41147046543,9413403869419,MR41147046543,query=MR411 Black pn=MR41151046564,Img0001,https://wheels.autosyncstudio.com/png/Method/MR411_Matte_Black_4-lug_0001.png,OK,
411-utv-bead-grip-matte-black-mr41147046543,9413403869419,MR41147046543,query=MR411 Black pn=MR41151046564,Img0002,https://wheels.autosyncstudio.com/png/Method/MR411_Matte_Black_4-lug_0002.png,OK,
411-utv-bead-grip-matte-black-mr41147046543,9413403869419,MR41147046543,query=MR411 Black pn=MR41151046564,Img0003,https://wheels.autosyncstudio.com/png/Method/MR411_Matte_Black_4-lug_0003.png,OK,
411-utv-bead-grip-matte-black-mr41157012552,9413404164331,MR41157012552,pn=MR41157012552,Img0001,https://wheels.autosyncstudio.com/png/Method/MR411-Bead-Grip-UTV_MB_Matte_Black_5-lug_0001.png,OK,
411-utv-bead-grip-matte-black-mr41157012552,9413404164331,MR41157012552,pn=MR41157012552,Img0002,https://wheels.autosyncstudio.com/png/Method/MR411-Bead-Grip-UTV_MB_Matte_Black_5-lug_0002.png,OK,
411-utv-bead-grip-matte-black-mr41157012552,9413404164331,MR41157012552,pn=MR41157012552,Img0003,https://wheels.autosyncstudio.com/png/Method/MR411-Bead-Grip-UTV_MB_Matte_Black_5-lug_0003.png,OK,
411-utv-bead-grip-matte-black-mr41151047564,9413404229867,MR41151047564,query=MR411 Black pn=MR41151046564,Img0001,https://wheels.autosyncstudio.com/png/Method/MR411_Matte_Black_4-lug_0001.png,OK,
411-utv-bead-grip-matte-black-mr41151047564,9413404229867,MR41151047564,query=MR411 Black pn=MR41151046564,Img0002,https://wheels.autosyncstudio.com/png/Method/MR411_Matte_Black_4-lug_0002.png,OK,
411-utv-bead-grip-matte-black-mr41151047564,9413404229867,MR41151047564,query=MR411 Black pn=MR41151046564,Img0003,https://wheels.autosyncstudio.com/png/Method/MR411_Matte_Black_4-lug_0003.png,OK,
