handle,product_id,model,color,position,status,url,detail
319-method-bronze-mr31978516900,9413365530859,MR319,Bronze,1,OK,https://cdn.shopify.com/s/files/1/0116/6842/files/MRW_319-Method-Bronze-6lug-Studio-17x8-5-1000_d9ae5550-5115-4d8c-a592-5b373c0032ca.png?v=1751926843,
319-method-bronze-mr31978516900,9413365530859,MR319,Bronze,2,OK,https://cdn.shopify.com/s/files/1/0116/6842/files/MRW_319-Method-Bronze-6lug-Studio-17x8-5-face-1000.png?v=1751926843,
319-method-bronze-mr31978516900,9413365530859,MR319,Bronze,3,OK,https://cdn.shopify.com/s/files/1/0116/6842/files/MRW_319-Method-Bronze-6lug-Studio-17x8-5-lay-1000.png?v=1751926843,
319-method-bronze-mr31978560900,9413365563627,MR319,Bronze,1,OK,https://cdn.shopify.com/s/files/1/0116/6842/files/MRW_319-Method-Bronze-6lug-Studio-17x8-5-1000_d9ae5550-5115-4d8c-a592-5b373c0032ca.png?v=1751926843,
319-method-bronze-mr31978560900,9413365563627,MR319,Bronze,2,OK,https://cdn.shopify.com/s/files/1/0116/6842/files/MRW_319-Method-Bronze-6lug-Studio-17x8-5-face-1000.png?v=1751926843,
319-method-bronze-mr31978560900,9413365563627,MR319,Bronze,3,OK,https://cdn.shopify.com/s/files/1/0116/6842/files/MRW_319-Method-Bronze-6lug-Studio-17x8-5-lay-1000.png?v=1751926843,
319-method-bronze-mr31978580900,9413365661931,MR319,Bronze,1,OK,https://cdn.shopify.com/s/files/1/0116/6842/files/MRW_319-Method-Bronze-6lug-Studio-17x8-5-1000_d9ae5550-5115-4d8c-a592-5b373c0032ca.png?v=1751926843,
319-method-bronze-mr31978580900,9413365661931,MR319,Bronze,2,OK,https://cdn.shopify.com/s/files/1/0116/6842/files/MRW_319-Method-Bronze-6lug-Studio-17x8-5-face-1000.png?v=1751926843,
319-method-bronze-mr31978580900,9413365661931,MR319,Bronze,3,OK,https://cdn.shopify.com/s/files/1/0116/6842/files/MRW_319-Method-Bronze-6lug-Studio-17x8-5-lay-1000.png?v=1751926843,
319-method-bronze-mr31978587900,9413365760235,MR319,Bronze,1,OK,https://cdn.shopify.com/s/files/1/0116/6842/files/MRW_319-Method-Bronze-6lug-Studio-17x8-5-1000_d9ae5550-5115-4d8c-a592-5b373c0032ca.png?v=1751926843,
319-method-bronze-mr31978587900,9413365760235,MR319,Bronze,2,OK,https://cdn.shopify.com/s/files/1/0116/6842/files/MRW_319-Method-Bronze-6lug-Studio-17x8-5-face-1000.png?v=1751926843,
319-method-bronze-mr31978587900,9413365760235,MR319,Bronze,3,OK,https://cdn.shopify.com/s/files/1/0116/6842/files/MRW_319-Method-Bronze-6lug-Studio-17x8-5-lay-1000.png?v=1751926843,
319-method-bronze-mr31979060912n,9413365956843,MR319,Bronze,1,OK,https://cdn.shopify.com/s/files/1/0116/6842/files/MRW_319-Method-Bronze-6lug-Studio-17x8-5-1000_d9ae5550-5115-4d8c-a592-5b373c0032ca.png?v=1751926843,
319-method-bronze-mr31979060912n,9413365956843,MR319,Bronze,2,OK,https://cdn.shopify.com/s/files/1/0116/6842/files/MRW_319-Method-Bronze-6lug-Studio-17x8-5-face-1000.png?v=1751926843,
319-method-bronze-mr31979060912n,9413365956843,MR319,Bronze,3,OK,https://cdn.shopify.com/s/files/1/0116/6842/files/MRW_319-Method-Bronze-6lug-Studio-17x8-5-lay-1000.png?v=1751926843,
319-method-bronze-mr31988560940,9413366186219,MR319,Bronze,1,OK,https://cdn.shopify.com/s/files/1/0116/6842/files/MRW_319-Method-Bronze-6lug-Studio-17x8-5-1000_d9ae5550-5115-4d8c-a592-5b373c0032ca.png?v=1751926843,
319-method-bronze-mr31988560940,9413366186219,MR319,Bronze,2,OK,https://cdn.shopify.com/s/files/1/0116/6842/files/MRW_319-Method-Bronze-6lug-Studio-17x8-5-face-1000.png?v=1751926843,
319-method-bronze-mr31988560940,9413366186219,MR319,Bronze,3,OK,https://cdn.shopify.com/s/files/1/0116/6842/files/MRW_319-Method-Bronze-6lug-Studio-17x8-5-lay-1000.png?v=1751926843,
319-method-bronze-mr31988516940,9413366218987,MR319,Bronze,1,OK,https://cdn.shopify.com/s/files/1/0116/6842/files/MRW_319-Method-Bronze-6lug-Studio-17x8-5-1000_d9ae5550-5115-4d8c-a592-5b373c0032ca.png?v=1751926843,
319-method-bronze-mr31988516940,9413366218987,MR319,Bronze,2,OK,https://cdn.shopify.com/s/files/1/0116/6842/files/MRW_319-Method-Bronze-6lug-Studio-17x8-5-face-1000.png?v=1751926843,
319-method-bronze-mr31988516940,9413366218987,MR319,Bronze,3,OK,https://cdn.shopify.com/s/files/1/0116/6842/files/MRW_319-Method-Bronze-6lug-Studio-17x8-5-lay-1000.png?v=1751926843,
319-method-bronze-mr31989016918,9413366317291,MR319,Bronze,1,OK,https://cdn.shopify.com/s/files/1/0116/6842/files/MRW_319-Method-Bronze-6lug-Studio-17x8-5-1000_d9ae5550-5115-4d8c-a592-5b373c0032ca.png?v=1751926843,
319-method-bronze-mr31989016918,9413366317291,MR319,Bronze,2,OK,https://cdn.shopify.com/s/files/1/0116/6842/files/MRW_319-Method-Bronze-6lug-Studio-17x8-5-face-1000.png?v=1751926843,
319-method-bronze-mr31989016918,9413366317291,MR319,Bronze,3,OK,https://cdn.shopify.com/s/files/1/0116/6842/files/MRW_319-Method-Bronze-6lug-Studio-17x8-5-lay-1000.png?v=1751926843,
319-method-bronze-mr31989060918,9413366350059,MR319,Bronze,1,OK,https://cdn.shopify.com/s/files/1/0116/6842/files/MRW_319-Method-Bronze-6lug-Studio-17x8-5-1000_d9ae5550-5115-4d8c-a592-5b373c0032ca.png?v=1751926843,
319-method-bronze-mr31989060918,9413366350059,MR319,Bronze,2,OK,https://cdn.shopify.com/s/files/1/0116/6842/files/MRW_319-Method-Bronze-6lug-Studio-17x8-5-face-1000.png?v=1751926843,
319-method-bronze-mr31989060918,9413366350059,MR319,Bronze,3,OK,https://cdn.shopify.com/s/files/1/0116/6842/files/MRW_319-Method-Bronze-6lug-Studio-17x8-5-lay-1000.png?v=1751926843,
319-method-bronze-mr31989080918,9413366448363,MR319,Bronze,1,OK,https://cdn.shopify.com/s/files/1/0116/6842/files/MRW_319-Method-Bronze-6lug-Studio-17x8-5-1000_d9ae5550-5115-4d8c-a592-5b373c0032ca.png?v=1751926843,
319-method-bronze-mr31989080918,9413366448363,MR319,Bronze,2,OK,https://cdn.shopify.com/s/files/1/0116/6842/files/MRW_319-Method-Bronze-6lug-Studio-17x8-5-face-1000.png?v=1751926843,
319-method-bronze-mr31989080918,9413366448363,MR319,Bronze,3,OK,https://cdn.shopify.com/s/files/1/0116/6842/files/MRW_319-Method-Bronze-6lug-Studio-17x8-5-lay-1000.png?v=1751926843,
319-method-bronze-mr31989088918,9413366513899,MR319,Bronze,1,OK,https://cdn.shopify.com/s/files/1/0116/6842/files/MRW_319-Method-Bronze-6lug-Studio-17x8-5-1000_d9ae5550-5115-4d8c-a592-5b373c0032ca.png?v=1751926843,
319-method-bronze-mr31989088918,9413366513899,MR319,Bronze,2,OK,https://cdn.shopify.com/s/files/1/0116/6842/files/MRW_319-Method-Bronze-6lug-Studio-17x8-5-face-1000.png?v=1751926843,
319-method-bronze-mr31989088918,9413366513899,MR319,Bronze,3,OK,https://cdn.shopify.com/s/files/1/0116/6842/files/MRW_319-Method-Bronze-6lug-Studio-17x8-5-lay-1000.png?v=1751926843,
319-method-bronze-mr31929016918,9413366677739,MR319,Bronze,1,OK,https://cdn.shopify.com/s/files/1/0116/6842/files/MRW_319-Method-Bronze-6lug-Studio-17x8-5-1000_d9ae5550-5115-4d8c-a592-5b373c0032ca.png?v=1751926843,
319-method-bronze-mr31929016918,9413366677739,MR319,Bronze,2,OK,https://cdn.shopify.com/s/files/1/0116/6842/files/MRW_319-Method-Bronze-6lug-Studio-17x8-5-face-1000.png?v=1751926843,
319-method-bronze-mr31929016918,9413366677739,MR319,Bronze,3,OK,https://cdn.shopify.com/s/files/1/0116/6842/files/MRW_319-Method-Bronze-6lug-Studio-17x8-5-lay-1000.png?v=1751926843,
319-method-bronze-mr31929060918,9413366743275,MR319,Bronze,1,OK,https://cdn.shopify.com/s/files/1/0116/6842/files/MRW_319-Method-Bronze-6lug-Studio-17x8-5-1000_d9ae5550-5115-4d8c-a592-5b373c0032ca.png?v=1751926843,
319-method-bronze-mr31929060918,9413366743275,MR319,Bronze,2,OK,https://cdn.shopify.com/s/files/1/0116/6842/files/MRW_319-Method-Bronze-6lug-Studio-17x8-5-face-1000.png?v=1751926843,
319-method-bronze-mr31929060918,9413366743275,MR319,Bronze,3,OK,https://cdn.shopify.com/s/files/1/0116/6842/files/MRW_319-Method-Bronze-6lug-Studio-17x8-5-lay-1000.png?v=1751926843,
319-method-bronze-mr31929087918,9413366776043,MR319,Bronze,1,OK,https://cdn.shopify.com/s/files/1/0116/6842/files/MRW_319-Method-Bronze-6lug-Studio-17x8-5-1000_d9ae5550-5115-4d8c-a592-5b373c0032ca.png?v=1751926843,
319-method-bronze-mr31929087918,9413366776043,MR319,Bronze,2,OK,https://cdn.shopify.com/s/files/1/0116/6842/files/MRW_319-Method-Bronze-6lug-Studio-17x8-5-face-1000.png?v=1751926843,
319-method-bronze-mr31929087918,9413366776043,MR319,Bronze,3,OK,https://cdn.shopify.com/s/files/1/0116/6842/files/MRW_319-Method-Bronze-6lug-Studio-17x8-5-lay-1000.png?v=1751926843,
319-method-bronze-mr31929088918,9413366841579,MR319,Bronze,1,OK,https://cdn.shopify.com/s/files/1/0116/6842/files/MRW_319-Method-Bronze-6lug-Studio-17x8-5-1000_d9ae5550-5115-4d8c-a592-5b373c0032ca.png?v=1751926843,
319-method-bronze-mr31929088918,9413366841579,MR319,Bronze,2,OK,https://cdn.shopify.com/s/files/1/0116/6842/files/MRW_319-Method-Bronze-6lug-Studio-17x8-5-face-1000.png?v=1751926843,
319-method-bronze-mr31929088918,9413366841579,MR319,Bronze,3,OK,https://cdn.shopify.com/s/files/1/0116/6842/files/MRW_319-Method-Bronze-6lug-Studio-17x8-5-lay-1000.png?v=1751926843,
319-method-bronze-mr31929080918,9413366907115,MR319,Bronze,1,OK,https://cdn.shopify.com/s/files/1/0116/6842/files/MRW_319-Method-Bronze-6lug-Studio-17x8-5-1000_d9ae5550-5115-4d8c-a592-5b373c0032ca.png?v=1751926843,
319-method-bronze-mr31929080918,9413366907115,MR319,Bronze,2,OK,https://cdn.shopify.com/s/files/1/0116/6842/files/MRW_319-Method-Bronze-6lug-Studio-17x8-5-face-1000.png?v=1751926843,
319-method-bronze-mr31929080918,9413366907115,MR319,Bronze,3,OK,https://cdn.shopify.com/s/files/1/0116/6842/files/MRW_319-Method-Bronze-6lug-Studio-17x8-5-lay-1000.png?v=1751926843,
201-forged-machined-mr20179055312bvr,9413382570219,MR201,Silver,1,OK,https://static.summitracing.com/global/images/prod/xlarge/mth-s0456_xl.jpg,
201-forged-machined-mr20179055325bvr,9413382668523,MR201,Silver,1,OK,https://static.summitracing.com/global/images/prod/xlarge/mth-s0456_xl.jpg,
405-utv-beadlock-matte-black-mr40557047543b,9413400723691,MR405,Black,1,OK,https://static.summitracing.com/global/images/prod/xlarge/mth-s0622_xl.jpg,
405-utv-beadlock-matte-black-mr40557047552b,9413400821995,MR405,Black,1,OK,https://static.summitracing.com/global/images/prod/xlarge/mth-s0622_xl.jpg,
405-utv-beadlock-matte-black-mr40557046543b,9413400854763,MR405,Black,1,OK,https://static.summitracing.com/global/images/prod/xlarge/mth-s0622_xl.jpg,
405-utv-beadlock-matte-black-mr40557046552b,9413401149675,MR405,Black,1,OK,https://static.summitracing.com/global/images/prod/xlarge/mth-s0622_xl.jpg,
405-utv-beadlock-bronze-mr40557047943b,9413401411819,MR405,Bronze,1,OK,https://static.summitracing.com/global/images/prod/xlarge/mth-s0623_xl.jpg,
405-utv-beadlock-bronze-mr40557047952b,9413401444587,MR405,Bronze,1,OK,https://static.summitracing.com/global/images/prod/xlarge/mth-s0623_xl.jpg,
405-utv-beadlock-bronze-mr40557046943b,9413401510123,MR405,Bronze,1,OK,https://static.summitracing.com/global/images/prod/xlarge/mth-s0623_xl.jpg,
405-utv-beadlock-bronze-mr40557046952b,9413401542891,MR405,Bronze,1,OK,https://static.summitracing.com/global/images/prod/xlarge/mth-s0623_xl.jpg,
406-utv-beadlock-matte-black-mr40648047544b,9413401641195,MR406,Black,1,OK,https://static.summitracing.com/global/images/prod/xlarge/mth-s0408_xl.jpg,
406-utv-beadlock-matte-black-mr40648046544b,9413401673963,MR406,Black,1,OK,https://static.summitracing.com/global/images/prod/xlarge/mth-s0408_xl.jpg,
406-utv-beadlock-matte-black-mr40641047555b,9413401772267,MR406,Black,1,OK,https://static.summitracing.com/global/images/prod/xlarge/mth-s0408_xl.jpg,
406-utv-beadlock-matte-black-mr40641046555b,9413401805035,MR406,Black,1,OK,https://static.summitracing.com/global/images/prod/xlarge/mth-s0408_xl.jpg,
406-utv-beadlock-matte-black-mr40658047544b,9413401870571,MR406,Black,1,OK,https://static.summitracing.com/global/images/prod/xlarge/mth-s0408_xl.jpg,
406-utv-beadlock-matte-black-mr40651047555b,9413402034411,MR406,Black,1,OK,https://static.summitracing.com/global/images/prod/xlarge/mth-s0408_xl.jpg,
406-utv-beadlock-matte-black-mr40651046555b,9413402132715,MR406,Black,1,OK,https://static.summitracing.com/global/images/prod/xlarge/mth-s0408_xl.jpg,
