handle,product_id,sku,source,angle,url,status,detail
414-utv-bead-grip-matte-black-mr41447047543,9415382008043,MR41447047543,query=MR414 Black,Img0001,https://wheels.autosyncstudio.com/png/Method/MR414-Bead-Grip_MB_Matte_Black_5-lug_0001.png,OK,
414-utv-bead-grip-matte-black-mr41447047543,9415382008043,MR41447047543,query=MR414 Black,Img0002,https://wheels.autosyncstudio.com/png/Method/MR414-Bead-Grip_MB_Matte_Black_5-lug_0002.png,OK,
414-utv-bead-grip-matte-black-mr41447047543,9415382008043,MR41447047543,query=MR414 Black,Img0003,https://wheels.autosyncstudio.com/png/Method/MR414-Bead-Grip_MB_Matte_Black_5-lug_0003.png,OK,
414-utv-bead-grip-matte-black-mr41447047552,9415382073579,MR41447047552,query=MR414 Black,Img0001,https://wheels.autosyncstudio.com/png/Method/MR414-Bead-Grip_MB_Matte_Black_5-lug_0001.png,OK,
414-utv-bead-grip-matte-black-mr41447047552,9415382073579,MR41447047552,query=MR414 Black,Img0002,https://wheels.autosyncstudio.com/png/Method/MR414-Bead-Grip_MB_Matte_Black_5-lug_0002.png,OK,
414-utv-bead-grip-matte-black-mr41447047552,9415382073579,MR41447047552,query=MR414 Black,Img0003,https://wheels.autosyncstudio.com/png/Method/MR414-Bead-Grip_MB_Matte_Black_5-lug_0003.png,OK,
414-utv-bead-grip-matte-black-mr41447046543,9415382040811,MR41447046543,query=MR414 Black,Img0001,https://wheels.autosyncstudio.com/png/Method/MR414-Bead-Grip_MB_Matte_Black_5-lug_0001.png,OK,
414-utv-bead-grip-matte-black-mr41447046543,9415382040811,MR41447046543,query=MR414 Black,Img0002,https://wheels.autosyncstudio.com/png/Method/MR414-Bead-Grip_MB_Matte_Black_5-lug_0002.png,OK,
414-utv-bead-grip-matte-black-mr41447046543,9415382040811,MR41447046543,query=MR414 Black,Img0003,https://wheels.autosyncstudio.com/png/Method/MR414-Bead-Grip_MB_Matte_Black_5-lug_0003.png,OK,
414-utv-bead-grip-matte-black-mr41447046552,9415382106347,MR41447046552,query=MR414 Black,Img0001,https://wheels.autosyncstudio.com/png/Method/MR414-Bead-Grip_MB_Matte_Black_5-lug_0001.png,OK,
414-utv-bead-grip-matte-black-mr41447046552,9415382106347,MR41447046552,query=MR414 Black,Img0002,https://wheels.autosyncstudio.com/png/Method/MR414-Bead-Grip_MB_Matte_Black_5-lug_0002.png,OK,
414-utv-bead-grip-matte-black-mr41447046552,9415382106347,MR41447046552,query=MR414 Black,Img0003,https://wheels.autosyncstudio.com/png/Method/MR414-Bead-Grip_MB_Matte_Black_5-lug_0003.png,OK,
414-utv-bead-grip-graphite-mr414510471264,9415381876971,MR414510471264,query=MR414,Img0001,https://wheels.autosyncstudio.com/png/Method/MR414-Bead-Grip_GY_Graphite_5-lug_0001.png,OK,
414-utv-bead-grip-graphite-mr414510471264,9415381876971,MR414510471264,query=MR414,Img0002,https://wheels.autosyncstudio.com/png/Method/MR414-Bead-Grip_GY_Graphite_5-lug_0002.png,OK,
414-utv-bead-grip-graphite-mr414510471264,9415381876971,MR414510471264,query=MR414,Img0003,https://wheels.autosyncstudio.com/png/Method/MR414-Bead-Grip_GY_Graphite_5-lug_0003.png,OK,
414-utv-bead-grip-matte-black-mr41451047564,9415382401259,MR41451047564,pn=MR41451047564,Img0001,https://wheels.autosyncstudio.com/png/Method/MR414-Bead-Grip_MB_Matte_Black_4-lug_0001.png,OK,
414-utv-bead-grip-matte-black-mr41451047564,9415382401259,MR41451047564,pn=MR41451047564,Img0002,https://wheels.autosyncstudio.com/png/Method/MR414-Bead-Grip_MB_Matte_Black_4-lug_0002.png,OK,
414-utv-bead-grip-matte-black-mr41451047564,9415382401259,MR41451047564,pn=MR41451047564,Img0003,https://wheels.autosyncstudio.com/png/Method/MR414-Bead-Grip_MB_Matte_Black_4-lug_0003.png,OK,
414-utv-bead-grip-graphite-mr414510461264,9415381909739,MR414510461264,query=MR414,Img0001,https://wheels.autosyncstudio.com/png/Method/MR414-Bead-Grip_GY_Graphite_5-lug_0001.png,OK,
414-utv-bead-grip-graphite-mr414510461264,9415381909739,MR414510461264,query=MR414,Img0002,https://wheels.autosyncstudio.com/png/Method/MR414-Bead-Grip_GY_Graphite_5-lug_0002.png,OK,
414-utv-bead-grip-graphite-mr414510461264,9415381909739,MR414510461264,query=MR414,Img0003,https://wheels.autosyncstudio.com/png/Method/MR414-Bead-Grip_GY_Graphite_5-lug_0003.png,OK,
414-utv-bead-grip-matte-black-mr41451046564,9415382434027,MR41451046564,pn=MR41451046564,Img0001,https://wheels.autosyncstudio.com/png/Method/MR414-Bead-Grip_MB_Matte_Black_4-lug_0001.png,OK,
414-utv-bead-grip-matte-black-mr41451046564,9415382434027,MR41451046564,pn=MR41451046564,Img0002,https://wheels.autosyncstudio.com/png/Method/MR414-Bead-Grip_MB_Matte_Black_4-lug_0002.png,OK,
414-utv-bead-grip-matte-black-mr41451046564,9415382434027,MR41451046564,pn=MR41451046564,Img0003,https://wheels.autosyncstudio.com/png/Method/MR414-Bead-Grip_MB_Matte_Black_4-lug_0003.png,OK,
414-utv-bead-grip-graphite-mr414510121264,9415381942507,MR414510121264,pn=MR414510121264,Img0001,https://wheels.autosyncstudio.com/png/Method/MR414-Bead-Grip_GY_Graphite_5-lug_0001.png,OK,
414-utv-bead-grip-graphite-mr414510121264,9415381942507,MR414510121264,pn=MR414510121264,Img0002,https://wheels.autosyncstudio.com/png/Method/MR414-Bead-Grip_GY_Graphite_5-lug_0002.png,OK,
414-utv-bead-grip-graphite-mr414510121264,9415381942507,MR414510121264,pn=MR414510121264,Img0003,https://wheels.autosyncstudio.com/png/Method/MR414-Bead-Grip_GY_Graphite_5-lug_0003.png,OK,
414-utv-bead-grip-matte-black-mr41451012564,9415382466795,MR41451012564,pn=MR41451012564,Img0001,https://wheels.autosyncstudio.com/png/Method/MR414-Bead-Grip_MB_Matte_Black_5-lug_0001.png,OK,
414-utv-bead-grip-matte-black-mr41451012564,9415382466795,MR41451012564,pn=MR41451012564,Img0002,https://wheels.autosyncstudio.com/png/Method/MR414-Bead-Grip_MB_Matte_Black_5-lug_0002.png,OK,
414-utv-bead-grip-matte-black-mr41451012564,9415382466795,MR41451012564,pn=MR41451012564,Img0003,https://wheels.autosyncstudio.com/png/Method/MR414-Bead-Grip_MB_Matte_Black_5-lug_0003.png,OK,
414-utv-bead-grip-matte-black-mr41457047543,9415382139115,MR41457047543,pn=MR41457047543,Img0001,https://wheels.autosyncstudio.com/png/Method/MR414-Bead-Grip_MB_Matte_Black_4-lug_0001.png,OK,
414-utv-bead-grip-matte-black-mr41457047543,9415382139115,MR41457047543,pn=MR41457047543,Img0002,https://wheels.autosyncstudio.com/png/Method/MR414-Bead-Grip_MB_Matte_Black_4-lug_0002.png,OK,
414-utv-bead-grip-matte-black-mr41457047543,9415382139115,MR41457047543,pn=MR41457047543,Img0003,https://wheels.autosyncstudio.com/png/Method/MR414-Bead-Grip_MB_Matte_Black_4-lug_0003.png,OK,
414-utv-bead-grip-graphite-mr414570471252,9415381778667,MR414570471252,query=MR414,Img0001,https://wheels.autosyncstudio.com/png/Method/MR414-Bead-Grip_GY_Graphite_5-lug_0001.png,OK,
414-utv-bead-grip-graphite-mr414570471252,9415381778667,MR414570471252,query=MR414,Img0002,https://wheels.autosyncstudio.com/png/Method/MR414-Bead-Grip_GY_Graphite_5-lug_0002.png,OK,
414-utv-bead-grip-graphite-mr414570471252,9415381778667,MR414570471252,query=MR414,Img0003,https://wheels.autosyncstudio.com/png/Method/MR414-Bead-Grip_GY_Graphite_5-lug_0003.png,OK,
414-utv-bead-grip-matte-black-mr41457047552,9415382302955,MR41457047552,pn=MR41457047552,Img0001,https://wheels.autosyncstudio.com/png/Method/MR414-Bead-Grip_MB_Matte_Black_4-lug_0001.png,OK,
414-utv-bead-grip-matte-black-mr41457047552,9415382302955,MR41457047552,pn=MR41457047552,Img0002,https://wheels.autosyncstudio.com/png/Method/MR414-Bead-Grip_MB_Matte_Black_4-lug_0002.png,OK,
414-utv-bead-grip-matte-black-mr41457047552,9415382302955,MR41457047552,pn=MR41457047552,Img0003,https://wheels.autosyncstudio.com/png/Method/MR414-Bead-Grip_MB_Matte_Black_4-lug_0003.png,OK,
414-utv-bead-grip-matte-black-mr41457046543,9415382204651,MR41457046543,pn=MR41457046543,Img0001,https://wheels.autosyncstudio.com/png/Method/MR414-Bead-Grip_MB_Matte_Black_4-lug_0001.png,OK,
414-utv-bead-grip-matte-black-mr41457046543,9415382204651,MR41457046543,pn=MR41457046543,Img0002,https://wheels.autosyncstudio.com/png/Method/MR414-Bead-Grip_MB_Matte_Black_4-lug_0002.png,OK,
414-utv-bead-grip-matte-black-mr41457046543,9415382204651,MR41457046543,pn=MR41457046543,Img0003,https://wheels.autosyncstudio.com/png/Method/MR414-Bead-Grip_MB_Matte_Black_4-lug_0003.png,OK,
414-utv-bead-grip-graphite-mr414570461252,9415381811435,MR414570461252,query=MR414,Img0001,https://wheels.autosyncstudio.com/png/Method/MR414-Bead-Grip_GY_Graphite_5-lug_0001.png,OK,
414-utv-bead-grip-graphite-mr414570461252,9415381811435,MR414570461252,query=MR414,Img0002,https://wheels.autosyncstudio.com/png/Method/MR414-Bead-Grip_GY_Graphite_5-lug_0002.png,OK,
414-utv-bead-grip-graphite-mr414570461252,9415381811435,MR414570461252,query=MR414,Img0003,https://wheels.autosyncstudio.com/png/Method/MR414-Bead-Grip_GY_Graphite_5-lug_0003.png,OK,
414-utv-bead-grip-matte-black-mr41457046552,9415382335723,MR41457046552,query=MR414 Black,Img0001,https://wheels.autosyncstudio.com/png/Method/MR414-Bead-Grip_MB_Matte_Black_5-lug_0001.png,OK,
414-utv-bead-grip-matte-black-mr41457046552,9415382335723,MR41457046552,query=MR414 Black,Img0002,https://wheels.autosyncstudio.com/png/Method/MR414-Bead-Grip_MB_Matte_Black_5-lug_0002.png,OK,
414-utv-bead-grip-matte-black-mr41457046552,9415382335723,MR41457046552,query=MR414 Black,Img0003,https://wheels.autosyncstudio.com/png/Method/MR414-Bead-Grip_MB_Matte_Black_5-lug_0003.png,OK,
414-utv-bead-grip-graphite-mr414570121243,9415381713131,MR414570121243,pn=MR414570121243,Img0001,https://wheels.autosyncstudio.com/png/Method/MR414-Bead-Grip_GY_Graphite_5-lug_0001.png,OK,
414-utv-bead-grip-graphite-mr414570121243,9415381713131,MR414570121243,pn=MR414570121243,Img0002,https://wheels.autosyncstudio.com/png/Method/MR414-Bead-Grip_GY_Graphite_5-lug_0002.png,OK,
414-utv-bead-grip-graphite-mr414570121243,9415381713131,MR414570121243,pn=MR414570121243,Img0003,https://wheels.autosyncstudio.com/png/Method/MR414-Bead-Grip_GY_Graphite_5-lug_0003.png,OK,
414-utv-bead-grip-matte-black-mr41457012543,9415382237419,MR41457012543,pn=MR41457012543,Img0001,https://wheels.autosyncstudio.com/png/Method/MR414-Bead-Grip_MB_Matte_Black_5-lug_0001.png,OK,
414-utv-bead-grip-matte-black-mr41457012543,9415382237419,MR41457012543,pn=MR41457012543,Img0002,https://wheels.autosyncstudio.com/png/Method/MR414-Bead-Grip_MB_Matte_Black_5-lug_0002.png,OK,
414-utv-bead-grip-matte-black-mr41457012543,9415382237419,MR41457012543,pn=MR41457012543,Img0003,https://wheels.autosyncstudio.com/png/Method/MR414-Bead-Grip_MB_Matte_Black_5-lug_0003.png,OK,
414-utv-bead-grip-graphite-mr414570121252,9415381844203,MR414570121252,pn=MR414570121252,Img0001,https://wheels.autosyncstudio.com/png/Method/MR414-Bead-Grip_GY_Graphite_5-lug_0001.png,OK,
414-utv-bead-grip-graphite-mr414570121252,9415381844203,MR414570121252,pn=MR414570121252,Img0002,https://wheels.autosyncstudio.com/png/Method/MR414-Bead-Grip_GY_Graphite_5-lug_0002.png,OK,
414-utv-bead-grip-graphite-mr414570121252,9415381844203,MR414570121252,pn=MR414570121252,Img0003,https://wheels.autosyncstudio.com/png/Method/MR414-Bead-Grip_GY_Graphite_5-lug_0003.png,OK,
414-utv-bead-grip-matte-black-mr41457012552,9415382368491,MR41457012552,pn=MR41457012552,Img0001,https://wheels.autosyncstudio.com/png/Method/MR414-Bead-Grip_MB_Matte_Black_5-lug_0001.png,OK,
414-utv-bead-grip-matte-black-mr41457012552,9415382368491,MR41457012552,pn=MR41457012552,Img0002,https://wheels.autosyncstudio.com/png/Method/MR414-Bead-Grip_MB_Matte_Black_5-lug_0002.png,OK,
414-utv-bead-grip-matte-black-mr41457012552,9415382368491,MR41457012552,pn=MR41457012552,Img0003,https://wheels.autosyncstudio.com/png/Method/MR414-Bead-Grip_MB_Matte_Black_5-lug_0003.png,OK,
mr501-rally-vt-spec-mr50157051548sc,9415382892779,MR50157051548SC,,,,NO_MATCH,
501-vt-spec-bronze-mr50157051948sc,9415382958315,MR50157051948SC,,,,NO_MATCH,
mr501-rally-vt-spec-mr50157012548sc,9415382925547,MR50157012548SC,,,,NO_MATCH,
501-rally-method-bronze-mr50178051942-2,9415382565099,MR50178051942-2,,,,NO_MATCH,
501-rally-matte-black-mr50178012542,9415382532331,MR50178012542,,,,NO_MATCH,
501-rally-method-bronze-mr50178012942-2,9415382597867,MR50178012942-2,,,,NO_MATCH,
501-rally-titanium-mr50178012842,9415382761707,MR50178012842,,,,NO_MATCH,
501-rally-titanium-mr50178012842-2,9415382663403,MR50178012842-2,,,,NO_MATCH,
502-vt-spec-bronze-mr50257012915sc,9415383974123,MR50257012915SC,query=MR502 Bronze,Img0001,https://wheels.autosyncstudio.com/png/Method/Rally-VT-Spec_MR502_Method-Bronze_5-lug_0001.png,OK,
502-vt-spec-bronze-mr50257012915sc,9415383974123,MR50257012915SC,query=MR502 Bronze,Img0002,https://wheels.autosyncstudio.com/png/Method/Rally-VT-Spec_MR502_Method-Bronze_5-lug_0002.png,OK,
502-vt-spec-bronze-mr50257012915sc,9415383974123,MR50257012915SC,query=MR502 Bronze,Img0003,https://wheels.autosyncstudio.com/png/Method/Rally-VT-Spec_MR502_Method-Bronze_5-lug_0003.png,OK,
502-rally-matte-black-mr50267051515-2,9415383056619,MR50267051515-2,query=MR502 Black,Img0001,https://wheels.autosyncstudio.com/png/Method/Rally-VT-Spec_MR502_Matte_Black_5-lug_0001.png,OK,
502-rally-matte-black-mr50267051515-2,9415383056619,MR50267051515-2,query=MR502 Black,Img0002,https://wheels.autosyncstudio.com/png/Method/Rally-VT-Spec_MR502_Matte_Black_5-lug_0002.png,OK,
502-rally-matte-black-mr50267051515-2,9415383056619,MR50267051515-2,query=MR502 Black,Img0003,https://wheels.autosyncstudio.com/png/Method/Rally-VT-Spec_MR502_Matte_Black_5-lug_0003.png,OK,
502-rally-matte-black-mr50267051530-2,9415383089387,MR50267051530-2,query=MR502 Black,Img0001,https://wheels.autosyncstudio.com/png/Method/Rally-VT-Spec_MR502_Matte_Black_5-lug_0001.png,OK,
502-rally-matte-black-mr50267051530-2,9415383089387,MR50267051530-2,query=MR502 Black,Img0002,https://wheels.autosyncstudio.com/png/Method/Rally-VT-Spec_MR502_Matte_Black_5-lug_0002.png,OK,
502-rally-matte-black-mr50267051530-2,9415383089387,MR50267051530-2,query=MR502 Black,Img0003,https://wheels.autosyncstudio.com/png/Method/Rally-VT-Spec_MR502_Matte_Black_5-lug_0003.png,OK,
502-rally-matte-black-mr50267049530-2,9415383154923,MR50267049530-2,query=MR502 Black,Img0001,https://wheels.autosyncstudio.com/png/Method/Rally-VT-Spec_MR502_Matte_Black_5-lug_0001.png,OK,
502-rally-matte-black-mr50267049530-2,9415383154923,MR50267049530-2,query=MR502 Black,Img0002,https://wheels.autosyncstudio.com/png/Method/Rally-VT-Spec_MR502_Matte_Black_5-lug_0002.png,OK,
502-rally-matte-black-mr50267049530-2,9415383154923,MR50267049530-2,query=MR502 Black,Img0003,https://wheels.autosyncstudio.com/png/Method/Rally-VT-Spec_MR502_Matte_Black_5-lug_0003.png,OK,
502-rally-matte-black-mr50267054530-2,9415383187691,MR50267054530-2,query=MR502 Black,Img0001,https://wheels.autosyncstudio.com/png/Method/Rally-VT-Spec_MR502_Matte_Black_5-lug_0001.png,OK,
502-rally-matte-black-mr50267054530-2,9415383187691,MR50267054530-2,query=MR502 Black,Img0002,https://wheels.autosyncstudio.com/png/Method/Rally-VT-Spec_MR502_Matte_Black_5-lug_0002.png,OK,
502-rally-matte-black-mr50267054530-2,9415383187691,MR50267054530-2,query=MR502 Black,Img0003,https://wheels.autosyncstudio.com/png/Method/Rally-VT-Spec_MR502_Matte_Black_5-lug_0003.png,OK,
502-rally-matte-black-mr50267057530-2,9415383220459,MR50267057530-2,query=MR502 Black,Img0001,https://wheels.autosyncstudio.com/png/Method/Rally-VT-Spec_MR502_Matte_Black_5-lug_0001.png,OK,
502-rally-matte-black-mr50267057530-2,9415383220459,MR50267057530-2,query=MR502 Black,Img0002,https://wheels.autosyncstudio.com/png/Method/Rally-VT-Spec_MR502_Matte_Black_5-lug_0002.png,OK,
502-rally-matte-black-mr50267057530-2,9415383220459,MR50267057530-2,query=MR502 Black,Img0003,https://wheels.autosyncstudio.com/png/Method/Rally-VT-Spec_MR502_Matte_Black_5-lug_0003.png,OK,
502-rally-matte-black-mr50267012515-2,9415382991083,MR50267012515-2,query=MR502 Black,Img0001,https://wheels.autosyncstudio.com/png/Method/Rally-VT-Spec_MR502_Matte_Black_5-lug_0001.png,OK,
502-rally-matte-black-mr50267012515-2,9415382991083,MR50267012515-2,query=MR502 Black,Img0002,https://wheels.autosyncstudio.com/png/Method/Rally-VT-Spec_MR502_Matte_Black_5-lug_0002.png,OK,
502-rally-matte-black-mr50267012515-2,9415382991083,MR50267012515-2,query=MR502 Black,Img0003,https://wheels.autosyncstudio.com/png/Method/Rally-VT-Spec_MR502_Matte_Black_5-lug_0003.png,OK,
502-rally-matte-black-mr50267012530-2,9415383122155,MR50267012530-2,query=MR502 Black,Img0001,https://wheels.autosyncstudio.com/png/Method/Rally-VT-Spec_MR502_Matte_Black_5-lug_0001.png,OK,
502-rally-matte-black-mr50267012530-2,9415383122155,MR50267012530-2,query=MR502 Black,Img0002,https://wheels.autosyncstudio.com/png/Method/Rally-VT-Spec_MR502_Matte_Black_5-lug_0002.png,OK,
502-rally-matte-black-mr50267012530-2,9415383122155,MR50267012530-2,query=MR502 Black,Img0003,https://wheels.autosyncstudio.com/png/Method/Rally-VT-Spec_MR502_Matte_Black_5-lug_0003.png,OK,
502-rally-matte-black-mr50278051538-2,9415383318763,MR50278051538-2,pn=MR50278051538-2,Img0001,https://wheels.autosyncstudio.com/png/Method/Rally_MR502_Matte_Black_5-lug_0001.png,OK,
502-rally-matte-black-mr50278051538-2,9415383318763,MR50278051538-2,pn=MR50278051538-2,Img0002,https://wheels.autosyncstudio.com/png/Method/Rally_MR502_Matte_Black_5-lug_0002.png,OK,
502-rally-matte-black-mr50278051538-2,9415383318763,MR50278051538-2,pn=MR50278051538-2,Img0003,https://wheels.autosyncstudio.com/png/Method/Rally_MR502_Matte_Black_5-lug_0003.png,OK,
502-rally-method-bronze-mr50278051938-2,9415383515371,MR50278051938-2,pn=MR50278051938-2,Img0001,https://wheels.autosyncstudio.com/png/Method/Rally_MR502_Method-Bronze_5-lug_0001.png,OK,
502-rally-method-bronze-mr50278051938-2,9415383515371,MR50278051938-2,pn=MR50278051938-2,Img0003,https://wheels.autosyncstudio.com/png/Method/Rally_MR502_Method-Bronze_5-lug_0003.png,OK,
502-rally-matte-black-mr50278049538-2,9415383384299,MR50278049538-2,pn=MR50278049538-2,Img0001,https://wheels.autosyncstudio.com/png/Method/Rally_MR502_Matte_Black_5-lug_0001.png,OK,
502-rally-matte-black-mr50278049538-2,9415383384299,MR50278049538-2,pn=MR50278049538-2,Img0002,https://wheels.autosyncstudio.com/png/Method/Rally_MR502_Matte_Black_5-lug_0002.png,OK,
502-rally-matte-black-mr50278049538-2,9415383384299,MR50278049538-2,pn=MR50278049538-2,Img0003,https://wheels.autosyncstudio.com/png/Method/Rally_MR502_Matte_Black_5-lug_0003.png,OK,
502-rally-matte-black-mr50278012538-2,9415383351531,MR50278012538-2,pn=MR50278012538-2,Img0001,https://wheels.autosyncstudio.com/png/Method/Rally_MR502_Matte_Black_5-lug_0001.png,OK,
502-rally-matte-black-mr50278012538-2,9415383351531,MR50278012538-2,pn=MR50278012538-2,Img0002,https://wheels.autosyncstudio.com/png/Method/Rally_MR502_Matte_Black_5-lug_0002.png,OK,
502-rally-matte-black-mr50278012538-2,9415383351531,MR50278012538-2,pn=MR50278012538-2,Img0003,https://wheels.autosyncstudio.com/png/Method/Rally_MR502_Matte_Black_5-lug_0003.png,OK,
502-rally-method-bronze-mr50278012938-2,9415383580907,MR50278012938-2,pn=MR50278012938-2,Img0001,https://wheels.autosyncstudio.com/png/Method/Rally_MR502_Method-Bronze_5-lug_0001.png,OK,
502-rally-method-bronze-mr50278012938-2,9415383580907,MR50278012938-2,pn=MR50278012938-2,Img0003,https://wheels.autosyncstudio.com/png/Method/Rally_MR502_Method-Bronze_5-lug_0003.png,OK,
502-rally-matte-black-mr50288012538-2,9415383417067,MR50288012538-2,pn=MR50288012538-2,Img0001,https://wheels.autosyncstudio.com/png/Method/Rally_MR502_Matte_Black_5-lug_0001.png,OK,
502-rally-matte-black-mr50288012538-2,9415383417067,MR50288012538-2,pn=MR50288012538-2,Img0002,https://wheels.autosyncstudio.com/png/Method/Rally_MR502_Matte_Black_5-lug_0002.png,OK,
502-rally-matte-black-mr50288012538-2,9415383417067,MR50288012538-2,pn=MR50288012538-2,Img0003,https://wheels.autosyncstudio.com/png/Method/Rally_MR502_Matte_Black_5-lug_0003.png,OK,
605-nv-gloss-titanium-mr60521050824n,9415384039659,MR60521050824N,query=MR605 Gray,Img0001,https://wheels.autosyncstudio.com/png/Method/NV_MR605_Gloss_Titanium_6-lug_0001.png,OK,
605-nv-gloss-titanium-mr60521050824n,9415384039659,MR60521050824N,query=MR605 Gray,Img0002,https://wheels.autosyncstudio.com/png/Method/NV_MR605_Gloss_Titanium_6-lug_0002.png,OK,
605-nv-gloss-titanium-mr60521050824n,9415384039659,MR60521050824N,query=MR605 Gray,Img0003,https://wheels.autosyncstudio.com/png/Method/NV_MR605_Gloss_Titanium_6-lug_0003.png,OK,
605-nv-machined-clear-coat-mr60521050324n,9415384400107,MR60521050324N,query=MR605 Silver,Img0001,https://wheels.autosyncstudio.com/png/Method/NV_MR605_Machined_Silver_Clear-Coat_8-lug_0001.png,OK,
605-nv-machined-clear-coat-mr60521050324n,9415384400107,MR60521050324N,query=MR605 Silver,Img0002,https://wheels.autosyncstudio.com/png/Method/NV_MR605_Machined_Silver_Clear-Coat_8-lug_0002.png,OK,
605-nv-machined-clear-coat-mr60521050324n,9415384400107,MR60521050324N,query=MR605 Silver,Img0003,https://wheels.autosyncstudio.com/png/Method/NV_MR605_Machined_Silver_Clear-Coat_8-lug_0003.png,OK,
605-nv-matte-black-mr60521050524n,9415384989931,MR60521050524N,pn=MR60521050524N,Img0001,https://wheels.autosyncstudio.com/png/Method/NV_MR605_Matte_Black_5-lug_0001.png,OK,
605-nv-matte-black-mr60521050524n,9415384989931,MR60521050524N,pn=MR60521050524N,Img0003,https://wheels.autosyncstudio.com/png/Method/NV_MR605_Matte_Black_5-lug_0003.png,OK,
605-nv-bronze-mr60521050924n,9415385481451,MR60521050924N,query=MR605 Bronze,Img0001,https://wheels.autosyncstudio.com/png/Method/NV_MR605_Method-Bronze_6-lug_0001.png,OK,
605-nv-bronze-mr60521050924n,9415385481451,MR60521050924N,query=MR605 Bronze,Img0003,https://wheels.autosyncstudio.com/png/Method/NV_MR605_Method-Bronze_6-lug_0003.png,OK,
605-nv-gloss-titanium-mr60521055824n,9415384170731,MR60521055824N,query=MR605 Gray,Img0001,https://wheels.autosyncstudio.com/png/Method/NV_MR605_Gloss_Titanium_6-lug_0001.png,OK,
605-nv-gloss-titanium-mr60521055824n,9415384170731,MR60521055824N,query=MR605 Gray,Img0002,https://wheels.autosyncstudio.com/png/Method/NV_MR605_Gloss_Titanium_6-lug_0002.png,OK,
605-nv-gloss-titanium-mr60521055824n,9415384170731,MR60521055824N,query=MR605 Gray,Img0003,https://wheels.autosyncstudio.com/png/Method/NV_MR605_Gloss_Titanium_6-lug_0003.png,OK,
605-nv-machined-clear-coat-mr60521055324n,9415384432875,MR60521055324N,query=MR605 Silver,Img0001,https://wheels.autosyncstudio.com/png/Method/NV_MR605_Machined_Silver_Clear-Coat_8-lug_0001.png,OK,
605-nv-machined-clear-coat-mr60521055324n,9415384432875,MR60521055324N,query=MR605 Silver,Img0002,https://wheels.autosyncstudio.com/png/Method/NV_MR605_Machined_Silver_Clear-Coat_8-lug_0002.png,OK,
605-nv-machined-clear-coat-mr60521055324n,9415384432875,MR60521055324N,query=MR605 Silver,Img0003,https://wheels.autosyncstudio.com/png/Method/NV_MR605_Machined_Silver_Clear-Coat_8-lug_0003.png,OK,
605-nv-matte-black-mr60521055524n,9415385055467,MR60521055524N,pn=MR60521055524N,Img0001,https://wheels.autosyncstudio.com/png/Method/NV_MR605_Matte_Black_5-lug_0001.png,OK,
605-nv-matte-black-mr60521055524n,9415385055467,MR60521055524N,pn=MR60521055524N,Img0003,https://wheels.autosyncstudio.com/png/Method/NV_MR605_Matte_Black_5-lug_0003.png,OK,
605-nv-bronze-mr60521055924n,9415385514219,MR60521055924N,query=MR605 Bronze,Img0001,https://wheels.autosyncstudio.com/png/Method/NV_MR605_Method-Bronze_6-lug_0001.png,OK,
605-nv-bronze-mr60521055924n,9415385514219,MR60521055924N,query=MR605 Bronze,Img0003,https://wheels.autosyncstudio.com/png/Method/NV_MR605_Method-Bronze_6-lug_0003.png,OK,
605-nv-gloss-titanium-mr60521016824n,9415384137963,MR60521016824N,pn=MR60521016824N,Img0001,https://wheels.autosyncstudio.com/png/Method/NV_MR605_Gloss_Titanium_6-lug_0001.png,OK,
605-nv-gloss-titanium-mr60521016824n,9415384137963,MR60521016824N,pn=MR60521016824N,Img0002,https://wheels.autosyncstudio.com/png/Method/NV_MR605_Gloss_Titanium_6-lug_0002.png,OK,
605-nv-gloss-titanium-mr60521016824n,9415384137963,MR60521016824N,pn=MR60521016824N,Img0003,https://wheels.autosyncstudio.com/png/Method/NV_MR605_Gloss_Titanium_6-lug_0003.png,OK,
605-nv-machined-clear-coat-mr60521016324n,9415384498411,MR60521016324N,query=MR605 Silver,Img0001,https://wheels.autosyncstudio.com/png/Method/NV_MR605_Machined_Silver_Clear-Coat_8-lug_0001.png,OK,
605-nv-machined-clear-coat-mr60521016324n,9415384498411,MR60521016324N,query=MR605 Silver,Img0002,https://wheels.autosyncstudio.com/png/Method/NV_MR605_Machined_Silver_Clear-Coat_8-lug_0002.png,OK,
605-nv-machined-clear-coat-mr60521016324n,9415384498411,MR60521016324N,query=MR605 Silver,Img0003,https://wheels.autosyncstudio.com/png/Method/NV_MR605_Machined_Silver_Clear-Coat_8-lug_0003.png,OK,
605-nv-matte-black-mr60521016524n,9415385121003,MR60521016524N,pn=MR60521016524N,Img0001,https://wheels.autosyncstudio.com/png/Method/NV_MR605_Matte_Black_6-lug_0001.png,OK,
605-nv-matte-black-mr60521016524n,9415385121003,MR60521016524N,pn=MR60521016524N,Img0003,https://wheels.autosyncstudio.com/png/Method/NV_MR605_Matte_Black_6-lug_0003.png,OK,
605-nv-bronze-mr60521016924n,9415385579755,MR60521016924N,query=MR605 Bronze,Img0001,https://wheels.autosyncstudio.com/png/Method/NV_MR605_Method-Bronze_6-lug_0001.png,OK,
605-nv-bronze-mr60521016924n,9415385579755,MR60521016924N,query=MR605 Bronze,Img0003,https://wheels.autosyncstudio.com/png/Method/NV_MR605_Method-Bronze_6-lug_0003.png,OK,
605-nv-gloss-titanium-mr60521060824n,9415384203499,MR60521060824N,pn=MR60521060824N,Img0001,https://wheels.autosyncstudio.com/png/Method/NV_MR605_Gloss_Titanium_6-lug_0001.png,OK,
605-nv-gloss-titanium-mr60521060824n,9415384203499,MR60521060824N,pn=MR60521060824N,Img0002,https://wheels.autosyncstudio.com/png/Method/NV_MR605_Gloss_Titanium_6-lug_0002.png,OK,
605-nv-gloss-titanium-mr60521060824n,9415384203499,MR60521060824N,pn=MR60521060824N,Img0003,https://wheels.autosyncstudio.com/png/Method/NV_MR605_Gloss_Titanium_6-lug_0003.png,OK,
605-nv-machined-clear-coat-mr60521060324n,9415384531179,MR60521060324N,query=MR605 Silver,Img0001,https://wheels.autosyncstudio.com/png/Method/NV_MR605_Machined_Silver_Clear-Coat_8-lug_0001.png,OK,
605-nv-machined-clear-coat-mr60521060324n,9415384531179,MR60521060324N,query=MR605 Silver,Img0002,https://wheels.autosyncstudio.com/png/Method/NV_MR605_Machined_Silver_Clear-Coat_8-lug_0002.png,OK,
605-nv-machined-clear-coat-mr60521060324n,9415384531179,MR60521060324N,query=MR605 Silver,Img0003,https://wheels.autosyncstudio.com/png/Method/NV_MR605_Machined_Silver_Clear-Coat_8-lug_0003.png,OK,
605-nv-matte-black-mr60521060524n,9415385153771,MR60521060524N,pn=MR60521060524N,Img0001,https://wheels.autosyncstudio.com/png/Method/NV_MR605_Matte_Black_6-lug_0001.png,OK,
605-nv-matte-black-mr60521060524n,9415385153771,MR60521060524N,pn=MR60521060524N,Img0003,https://wheels.autosyncstudio.com/png/Method/NV_MR605_Matte_Black_6-lug_0003.png,OK,
605-nv-bronze-mr60521060924n,9415385546987,MR60521060924N,pn=MR60521060924N,Img0001,https://wheels.autosyncstudio.com/png/Method/NV_MR605_Method-Bronze_6-lug_0001.png,OK,
605-nv-bronze-mr60521060924n,9415385546987,MR60521060924N,pn=MR60521060924N,Img0003,https://wheels.autosyncstudio.com/png/Method/NV_MR605_Method-Bronze_6-lug_0003.png,OK,
605-nv-gloss-titanium-mr60521080824n,9415384236267,MR60521080824N,pn=MR60521080824N,Img0001,https://wheels.autosyncstudio.com/png/Method/NV_MR605_Gloss_Titanium_8-lug_0001.png,OK,
605-nv-gloss-titanium-mr60521080824n,9415384236267,MR60521080824N,pn=MR60521080824N,Img0002,https://wheels.autosyncstudio.com/png/Method/NV_MR605_Gloss_Titanium_8-lug_0002.png,OK,
605-nv-gloss-titanium-mr60521080824n,9415384236267,MR60521080824N,pn=MR60521080824N,Img0003,https://wheels.autosyncstudio.com/png/Method/NV_MR605_Gloss_Titanium_8-lug_0003.png,OK,
605-nv-machined-clear-coat-mr60521080324n,9415384563947,MR60521080324N,pn=MR60521080324N,Img0001,https://wheels.autosyncstudio.com/png/Method/NV_MR605_Machined_Silver_Clear-Coat_8-lug_0001.png,OK,
605-nv-machined-clear-coat-mr60521080324n,9415384563947,MR60521080324N,pn=MR60521080324N,Img0002,https://wheels.autosyncstudio.com/png/Method/NV_MR605_Machined_Silver_Clear-Coat_8-lug_0002.png,OK,
605-nv-machined-clear-coat-mr60521080324n,9415384563947,MR60521080324N,pn=MR60521080324N,Img0003,https://wheels.autosyncstudio.com/png/Method/NV_MR605_Machined_Silver_Clear-Coat_8-lug_0003.png,OK,
605-nv-matte-black-mr60521080524n,9415385219307,MR60521080524N,pn=MR60521080524N,Img0001,https://wheels.autosyncstudio.com/png/Method/NV_MR605_Matte_Black_8-lug_0001.png,OK,
605-nv-matte-black-mr60521080524n,9415385219307,MR60521080524N,pn=MR60521080524N,Img0003,https://wheels.autosyncstudio.com/png/Method/NV_MR605_Matte_Black_8-lug_0003.png,OK,
605-nv-bronze-mr60521080924n,9415385678059,MR60521080924N,pn=MR60521080924N,Img0001,https://wheels.autosyncstudio.com/png/Method/NV_MR605_Method-Bronze_8-lug_0001.png,OK,
605-nv-bronze-mr60521080924n,9415385678059,MR60521080924N,pn=MR60521080924N,Img0003,https://wheels.autosyncstudio.com/png/Method/NV_MR605_Method-Bronze_8-lug_0003.png,OK,
605-nv-gloss-titanium-mr60521087824n,9415384301803,MR60521087824N,pn=MR60521087824N,Img0001,https://wheels.autosyncstudio.com/png/Method/NV_MR605_Gloss_Titanium_8-lug_0001.png,OK,
605-nv-gloss-titanium-mr60521087824n,9415384301803,MR60521087824N,pn=MR60521087824N,Img0002,https://wheels.autosyncstudio.com/png/Method/NV_MR605_Gloss_Titanium_8-lug_0002.png,OK,
605-nv-gloss-titanium-mr60521087824n,9415384301803,MR60521087824N,pn=MR60521087824N,Img0003,https://wheels.autosyncstudio.com/png/Method/NV_MR605_Gloss_Titanium_8-lug_0003.png,OK,
605-nv-machined-clear-coat-mr60521087324n,9415384596715,MR60521087324N,pn=MR60521087324N,Img0001,https://wheels.autosyncstudio.com/png/Method/NV_MR605_Machined_Silver_Clear-Coat_8-lug_0001.png,OK,
605-nv-machined-clear-coat-mr60521087324n,9415384596715,MR60521087324N,pn=MR60521087324N,Img0002,https://wheels.autosyncstudio.com/png/Method/NV_MR605_Machined_Silver_Clear-Coat_8-lug_0002.png,OK,
605-nv-machined-clear-coat-mr60521087324n,9415384596715,MR60521087324N,pn=MR60521087324N,Img0003,https://wheels.autosyncstudio.com/png/Method/NV_MR605_Machined_Silver_Clear-Coat_8-lug_0003.png,OK,
605-nv-matte-black-mr60521087524n,9415385252075,MR60521087524N,pn=MR60521087524N,Img0001,https://wheels.autosyncstudio.com/png/Method/NV_MR605_Matte_Black_8-lug_0001.png,OK,
605-nv-matte-black-mr60521087524n,9415385252075,MR60521087524N,pn=MR60521087524N,Img0003,https://wheels.autosyncstudio.com/png/Method/NV_MR605_Matte_Black_8-lug_0003.png,OK,
605-nv-bronze-mr60521087924n,9415385612523,MR60521087924N,pn=MR60521087924N,Img0001,https://wheels.autosyncstudio.com/png/Method/NV_MR605_Method-Bronze_8-lug_0001.png,OK,
605-nv-bronze-mr60521087924n,9415385612523,MR60521087924N,pn=MR60521087924N,Img0003,https://wheels.autosyncstudio.com/png/Method/NV_MR605_Method-Bronze_8-lug_0003.png,OK,
605-nv-gloss-titanium-mr60521088824n,9415384367339,MR60521088824N,query=MR605 Gray,Img0001,https://wheels.autosyncstudio.com/png/Method/NV_MR605_Gloss_Titanium_6-lug_0001.png,OK,
605-nv-gloss-titanium-mr60521088824n,9415384367339,MR60521088824N,query=MR605 Gray,Img0002,https://wheels.autosyncstudio.com/png/Method/NV_MR605_Gloss_Titanium_6-lug_0002.png,OK,
605-nv-gloss-titanium-mr60521088824n,9415384367339,MR60521088824N,query=MR605 Gray,Img0003,https://wheels.autosyncstudio.com/png/Method/NV_MR605_Gloss_Titanium_6-lug_0003.png,OK,
605-nv-machined-clear-coat-mr60521088324n,9415384629483,MR60521088324N,pn=MR60521088324N,Img0001,https://wheels.autosyncstudio.com/png/Method/NV_MR605_Machined_Silver_Clear-Coat_8-lug_0001.png,OK,
605-nv-machined-clear-coat-mr60521088324n,9415384629483,MR60521088324N,pn=MR60521088324N,Img0002,https://wheels.autosyncstudio.com/png/Method/NV_MR605_Machined_Silver_Clear-Coat_8-lug_0002.png,OK,
605-nv-machined-clear-coat-mr60521088324n,9415384629483,MR60521088324N,pn=MR60521088324N,Img0003,https://wheels.autosyncstudio.com/png/Method/NV_MR605_Machined_Silver_Clear-Coat_8-lug_0003.png,OK,
605-nv-matte-black-mr60521088524n,9415385284843,MR60521088524N,pn=MR60521088524N,Img0001,https://wheels.autosyncstudio.com/png/Method/NV_MR605_Matte_Black_8-lug_0001.png,OK,
605-nv-matte-black-mr60521088524n,9415385284843,MR60521088524N,pn=MR60521088524N,Img0003,https://wheels.autosyncstudio.com/png/Method/NV_MR605_Matte_Black_8-lug_0003.png,OK,
605-nv-matte-black-mr60521260552n,9415385448683,MR60521260552N,query=MR605 Black,Img0001,https://wheels.autosyncstudio.com/png/Method/NV_MR605_Matte_Black_5-lug_0001.png,OK,
605-nv-matte-black-mr60521260552n,9415385448683,MR60521260552N,query=MR605 Black,Img0003,https://wheels.autosyncstudio.com/png/Method/NV_MR605_Matte_Black_5-lug_0003.png,OK,
605-nv-bronze-mr60521260952n,9415385743595,MR60521260952N,query=MR605 Bronze,Img0001,https://wheels.autosyncstudio.com/png/Method/NV_MR605_Method-Bronze_6-lug_0001.png,OK,
605-nv-bronze-mr60521260952n,9415385743595,MR60521260952N,query=MR605 Bronze,Img0003,https://wheels.autosyncstudio.com/png/Method/NV_MR605_Method-Bronze_6-lug_0003.png,OK,
605-nv-matte-black-mr60521280552n,9415385383147,MR60521280552N,pn=MR60521280552N,Img0001,https://wheels.autosyncstudio.com/png/Method/NV_MR605_Matte_Black_8-lug_0001.png,OK,
605-nv-matte-black-mr60521280552n,9415385383147,MR60521280552N,pn=MR60521280552N,Img0003,https://wheels.autosyncstudio.com/png/Method/NV_MR605_Matte_Black_8-lug_0003.png,OK,
605-nv-bronze-mr60521280952n,9415385776363,MR60521280952N,pn=MR60521280952N,Img0001,https://wheels.autosyncstudio.com/png/Method/NV_MR605_Method-Bronze_8-lug_0001.png,OK,
605-nv-bronze-mr60521280952n,9415385776363,MR60521280952N,pn=MR60521280952N,Img0003,https://wheels.autosyncstudio.com/png/Method/NV_MR605_Method-Bronze_8-lug_0003.png,OK,
605-nv-matte-black-mr60521287552n,9415385350379,MR60521287552N,query=MR605 Black,Img0001,https://wheels.autosyncstudio.com/png/Method/NV_MR605_Matte_Black_5-lug_0001.png,OK,
605-nv-matte-black-mr60521287552n,9415385350379,MR60521287552N,query=MR605 Black,Img0003,https://wheels.autosyncstudio.com/png/Method/NV_MR605_Matte_Black_5-lug_0003.png,OK,
605-nv-bronze-mr60521287952n,9415385809131,MR60521287952N,pn=MR60521287952N,Img0001,https://wheels.autosyncstudio.com/png/Method/NV_MR605_Method-Bronze_8-lug_0001.png,OK,
605-nv-bronze-mr60521287952n,9415385809131,MR60521287952N,pn=MR60521287952N,Img0003,https://wheels.autosyncstudio.com/png/Method/NV_MR605_Method-Bronze_8-lug_0003.png,OK,
605-nv-matte-black-mr60521288552n,9415385317611,MR60521288552N,query=MR605 Black,Img0001,https://wheels.autosyncstudio.com/png/Method/NV_MR605_Matte_Black_5-lug_0001.png,OK,
605-nv-matte-black-mr60521288552n,9415385317611,MR60521288552N,query=MR605 Black,Img0003,https://wheels.autosyncstudio.com/png/Method/NV_MR605_Matte_Black_5-lug_0003.png,OK,
605-nv-matte-black-mr60529050512n,9415384662251,MR60529050512N,query=MR605 Black,Img0001,https://wheels.autosyncstudio.com/png/Method/NV_MR605_Matte_Black_5-lug_0001.png,OK,
605-nv-matte-black-mr60529050512n,9415384662251,MR60529050512N,query=MR605 Black,Img0003,https://wheels.autosyncstudio.com/png/Method/NV_MR605_Matte_Black_5-lug_0003.png,OK,
605-nv-matte-black-mr60529058512n,9415384695019,MR60529058512N,pn=MR60529058512N,Img0001,https://wheels.autosyncstudio.com/png/Method/NV_MR605_Matte_Black_5-lug_0001.png,OK,
605-nv-matte-black-mr60529058512n,9415384695019,MR60529058512N,pn=MR60529058512N,Img0003,https://wheels.autosyncstudio.com/png/Method/NV_MR605_Matte_Black_5-lug_0003.png,OK,
605-nv-matte-black-mr60529016512n,9415384727787,MR60529016512N,pn=MR60529016512N,Img0001,https://wheels.autosyncstudio.com/png/Method/NV_MR605_Matte_Black_6-lug_0001.png,OK,
605-nv-matte-black-mr60529016512n,9415384727787,MR60529016512N,pn=MR60529016512N,Img0003,https://wheels.autosyncstudio.com/png/Method/NV_MR605_Matte_Black_6-lug_0003.png,OK,
605-nv-matte-black-mr60529060512n,9415384760555,MR60529060512N,pn=MR60529060512N,Img0001,https://wheels.autosyncstudio.com/png/Method/NV_MR605_Matte_Black_6-lug_0001.png,OK,
605-nv-matte-black-mr60529060512n,9415384760555,MR60529060512N,pn=MR60529060512N,Img0003,https://wheels.autosyncstudio.com/png/Method/NV_MR605_Matte_Black_6-lug_0003.png,OK,
605-nv-matte-black-mr60529080512n,9415384858859,MR60529080512N,pn=MR60529080512N,Img0001,https://wheels.autosyncstudio.com/png/Method/NV_MR605_Matte_Black_8-lug_0001.png,OK,
605-nv-matte-black-mr60529080512n,9415384858859,MR60529080512N,pn=MR60529080512N,Img0003,https://wheels.autosyncstudio.com/png/Method/NV_MR605_Matte_Black_8-lug_0003.png,OK,
605-nv-matte-black-mr60529087512n,9415384924395,MR60529087512N,pn=MR60529087512N,Img0001,https://wheels.autosyncstudio.com/png/Method/NV_MR605_Matte_Black_8-lug_0001.png,OK,
605-nv-matte-black-mr60529087512n,9415384924395,MR60529087512N,pn=MR60529087512N,Img0003,https://wheels.autosyncstudio.com/png/Method/NV_MR605_Matte_Black_8-lug_0003.png,OK,
605-nv-matte-black-mr60529088512n,9415384957163,MR60529088512N,pn=MR60529088512N,Img0001,https://wheels.autosyncstudio.com/png/Method/NV_MR605_Matte_Black_8-lug_0001.png,OK,
605-nv-matte-black-mr60529088512n,9415384957163,MR60529088512N,pn=MR60529088512N,Img0003,https://wheels.autosyncstudio.com/png/Method/NV_MR605_Matte_Black_8-lug_0003.png,OK,
701-method-bronze-clearance-mr70166568990-s,9415385841899,MR70166568990-S,query=MR701 Bronze,Img0001,https://wheels.autosyncstudio.com/png/Method/MR701_Method-Bronze_6-lug_0001.png,OK,
701-method-bronze-clearance-mr70166568990-s,9415385841899,MR70166568990-S,query=MR701 Bronze,Img0002,https://wheels.autosyncstudio.com/png/Method/MR701_Method-Bronze_6-lug_0002.png,OK,
701-method-bronze-clearance-mr70166568990-s,9415385841899,MR70166568990-S,query=MR701 Bronze,Img0003,https://wheels.autosyncstudio.com/png/Method/MR701_Method-Bronze_6-lug_0003.png,OK,
702-bronze-1-mr70268062900,9415386300651,MR70268062900,,,,NO_MATCH,
702-matte-black-mr70277553550,9415385940203,MR70277553550,,,,NO_MATCH,
702-bronze-1-mr70277553950,9415386366187,MR70277553950,,,,NO_MATCH,
702-bronze-1-mr70277563950,9415386398955,MR70277563950,,,,NO_MATCH,
702-matte-black-mr70278550500,9415386038507,MR70278550500,,,,NO_MATCH,
702-bronze-1-mr70278550900,9415386431723,MR70278550900,,,,NO_MATCH,
702-matte-black-mr70278558500,9415386136811,MR70278558500,,,,NO_MATCH,
702-bronze-1-mr70278558900,9415386464491,MR70278558900,,,,NO_MATCH,
702-bronze-1-mr70278560900,9415386530027,MR70278560900,,,,NO_MATCH,
703-method-bronze-clearance-mr70366568990-s,9415386562795,MR70366568990-S,query=MR703 Bronze,Img0001,https://wheels.autosyncstudio.com/png/Method/MR703_Method-Bronze_6-lug_0001.png,OK,
703-method-bronze-clearance-mr70366568990-s,9415386562795,MR70366568990-S,query=MR703 Bronze,Img0002,https://wheels.autosyncstudio.com/png/Method/MR703_Method-Bronze_6-lug_0002.png,OK,
703-method-bronze-clearance-mr70366568990-s,9415386562795,MR70366568990-S,query=MR703 Bronze,Img0003,https://wheels.autosyncstudio.com/png/Method/MR703_Method-Bronze_6-lug_0003.png,OK,
703-matte-black-mr70357051515,9415386661099,MR70357051515,query=MR703 Black,Img0001,https://wheels.autosyncstudio.com/png/Method/MR703_Matte_Black_6-lug_0001.png,OK,
703-matte-black-mr70357051515,9415386661099,MR70357051515,query=MR703 Black,Img0002,https://wheels.autosyncstudio.com/png/Method/MR703_Matte_Black_6-lug_0002.png,OK,
703-matte-black-mr70357051515,9415386661099,MR70357051515,query=MR703 Black,Img0003,https://wheels.autosyncstudio.com/png/Method/MR703_Matte_Black_6-lug_0003.png,OK,
703-matte-black-mr70366053568,9415386693867,MR70366053568,pn=MR70366053568,Img0001,https://wheels.autosyncstudio.com/png/Method/MR703_Matte_Black_5-lug_0001.png,OK,
703-matte-black-mr70366053568,9415386693867,MR70366053568,pn=MR70366053568,Img0002,https://wheels.autosyncstudio.com/png/Method/MR703_Matte_Black_5-lug_0002.png,OK,
703-matte-black-mr70366053568,9415386693867,MR70366053568,pn=MR70366053568,Img0003,https://wheels.autosyncstudio.com/png/Method/MR703_Matte_Black_5-lug_0003.png,OK,
703-matte-black-mr70366568590,9415386726635,MR70366568590,pn=MR70366568590,Img0001,https://wheels.autosyncstudio.com/png/Method/MR703_Matte_Black_6-lug_0001.png,OK,
703-matte-black-mr70366568590,9415386726635,MR70366568590,pn=MR70366568590,Img0002,https://wheels.autosyncstudio.com/png/Method/MR703_Matte_Black_6-lug_0002.png,OK,
703-matte-black-mr70366568590,9415386726635,MR70366568590,pn=MR70366568590,Img0003,https://wheels.autosyncstudio.com/png/Method/MR703_Matte_Black_6-lug_0003.png,OK,
703-matte-black-mr70368060500,9415386759403,MR70368060500,pn=MR70368060500,Img0001,https://wheels.autosyncstudio.com/png/Method/MR703_Matte_Black_6-lug_0001.png,OK,
703-matte-black-mr70368060500,9415386759403,MR70368060500,pn=MR70368060500,Img0002,https://wheels.autosyncstudio.com/png/Method/MR703_Matte_Black_6-lug_0002.png,OK,
703-matte-black-mr70368060500,9415386759403,MR70368060500,pn=MR70368060500,Img0003,https://wheels.autosyncstudio.com/png/Method/MR703_Matte_Black_6-lug_0003.png,OK,
703-matte-black-mr70377553550,9415386792171,MR70377553550,query=MR703 Black,Img0001,https://wheels.autosyncstudio.com/png/Method/MR703_Matte_Black_6-lug_0001.png,OK,
703-matte-black-mr70377553550,9415386792171,MR70377553550,query=MR703 Black,Img0002,https://wheels.autosyncstudio.com/png/Method/MR703_Matte_Black_6-lug_0002.png,OK,
703-matte-black-mr70377553550,9415386792171,MR70377553550,query=MR703 Black,Img0003,https://wheels.autosyncstudio.com/png/Method/MR703_Matte_Black_6-lug_0003.png,OK,
703-matte-black-mr70377556550,9415386824939,MR70377556550,pn=MR70377556550,Img0001,https://wheels.autosyncstudio.com/png/Method/MR703_Matte_Black_5-lug_0001.png,OK,
703-matte-black-mr70377556550,9415386824939,MR70377556550,pn=MR70377556550,Img0002,https://wheels.autosyncstudio.com/png/Method/MR703_Matte_Black_5-lug_0002.png,OK,
703-matte-black-mr70377556550,9415386824939,MR70377556550,pn=MR70377556550,Img0003,https://wheels.autosyncstudio.com/png/Method/MR703_Matte_Black_5-lug_0003.png,OK,
703-matte-black-mr70377563550,9415386857707,MR70377563550,pn=MR70377563550,Img0001,https://wheels.autosyncstudio.com/png/Method/MR703_Matte_Black_6-lug_0001.png,OK,
703-matte-black-mr70377563550,9415386857707,MR70377563550,pn=MR70377563550,Img0002,https://wheels.autosyncstudio.com/png/Method/MR703_Matte_Black_6-lug_0002.png,OK,
703-matte-black-mr70377563550,9415386857707,MR70377563550,pn=MR70377563550,Img0003,https://wheels.autosyncstudio.com/png/Method/MR703_Matte_Black_6-lug_0003.png,OK,
703-matte-black-mr70378550500,9415386988779,MR70378550500,pn=MR70378550500,Img0001,https://wheels.autosyncstudio.com/png/Method/MR703_Matte_Black_5-lug_0001.png,OK,
703-matte-black-mr70378550500,9415386988779,MR70378550500,pn=MR70378550500,Img0002,https://wheels.autosyncstudio.com/png/Method/MR703_Matte_Black_5-lug_0002.png,OK,
703-matte-black-mr70378550500,9415386988779,MR70378550500,pn=MR70378550500,Img0003,https://wheels.autosyncstudio.com/png/Method/MR703_Matte_Black_5-lug_0003.png,OK,
703-matte-black-mr70378550525,9415387185387,MR70378550525,pn=MR70378550525,Img0001,https://wheels.autosyncstudio.com/png/Method/MR703_Matte_Black_5-lug_0001.png,OK,
703-matte-black-mr70378550525,9415387185387,MR70378550525,pn=MR70378550525,Img0002,https://wheels.autosyncstudio.com/png/Method/MR703_Matte_Black_5-lug_0002.png,OK,
703-matte-black-mr70378550525,9415387185387,MR70378550525,pn=MR70378550525,Img0003,https://wheels.autosyncstudio.com/png/Method/MR703_Matte_Black_5-lug_0003.png,OK,
703-matte-black-mr70378558500,9415387021547,MR70378558500,pn=MR70378558500,Img0001,https://wheels.autosyncstudio.com/png/Method/MR703_Matte_Black_5-lug_0001.png,OK,
703-matte-black-mr70378558500,9415387021547,MR70378558500,pn=MR70378558500,Img0002,https://wheels.autosyncstudio.com/png/Method/MR703_Matte_Black_5-lug_0002.png,OK,
703-matte-black-mr70378558500,9415387021547,MR70378558500,pn=MR70378558500,Img0003,https://wheels.autosyncstudio.com/png/Method/MR703_Matte_Black_5-lug_0003.png,OK,
703-matte-black-mr70378558535,9415386923243,MR70378558535,pn=MR70378558535,Img0001,https://wheels.autosyncstudio.com/png/Method/MR703_Matte_Black_5-lug_0001.png,OK,
703-matte-black-mr70378558535,9415386923243,MR70378558535,pn=MR70378558535,Img0002,https://wheels.autosyncstudio.com/png/Method/MR703_Matte_Black_5-lug_0002.png,OK,
703-matte-black-mr70378558535,9415386923243,MR70378558535,pn=MR70378558535,Img0003,https://wheels.autosyncstudio.com/png/Method/MR703_Matte_Black_5-lug_0003.png,OK,
703-matte-black-mr70378516500,9415387054315,MR70378516500,pn=MR70378516500,Img0001,https://wheels.autosyncstudio.com/png/Method/MR703_Matte_Black_6-lug_0001.png,OK,
703-matte-black-mr70378516500,9415387054315,MR70378516500,pn=MR70378516500,Img0002,https://wheels.autosyncstudio.com/png/Method/MR703_Matte_Black_6-lug_0002.png,OK,
703-matte-black-mr70378516500,9415387054315,MR70378516500,pn=MR70378516500,Img0003,https://wheels.autosyncstudio.com/png/Method/MR703_Matte_Black_6-lug_0003.png,OK,
703-matte-black-mr70378516525,9415387218155,MR70378516525,pn=MR70378516525,Img0001,https://wheels.autosyncstudio.com/png/Method/MR703_Matte_Black_6-lug_0001.png,OK,
703-matte-black-mr70378516525,9415387218155,MR70378516525,pn=MR70378516525,Img0002,https://wheels.autosyncstudio.com/png/Method/MR703_Matte_Black_6-lug_0002.png,OK,
703-matte-black-mr70378516525,9415387218155,MR70378516525,pn=MR70378516525,Img0003,https://wheels.autosyncstudio.com/png/Method/MR703_Matte_Black_6-lug_0003.png,OK,
703-matte-black-mr70378560500,9415387087083,MR70378560500,pn=MR70378560500,Img0001,https://wheels.autosyncstudio.com/png/Method/MR703_Matte_Black_6-lug_0001.png,OK,
703-matte-black-mr70378560500,9415387087083,MR70378560500,pn=MR70378560500,Img0002,https://wheels.autosyncstudio.com/png/Method/MR703_Matte_Black_6-lug_0002.png,OK,
703-matte-black-mr70378560500,9415387087083,MR70378560500,pn=MR70378560500,Img0003,https://wheels.autosyncstudio.com/png/Method/MR703_Matte_Black_6-lug_0003.png,OK,
703-matte-black-mr70378560535,9415387250923,MR70378560535,pn=MR70378560535,Img0001,https://wheels.autosyncstudio.com/png/Method/MR703_Matte_Black_6-lug_0001.png,OK,
703-matte-black-mr70378560535,9415387250923,MR70378560535,pn=MR70378560535,Img0002,https://wheels.autosyncstudio.com/png/Method/MR703_Matte_Black_6-lug_0002.png,OK,
703-matte-black-mr70378560535,9415387250923,MR70378560535,pn=MR70378560535,Img0003,https://wheels.autosyncstudio.com/png/Method/MR703_Matte_Black_6-lug_0003.png,OK,
703-matte-black-mr70378580500,9415387119851,MR70378580500,pn=MR70378580500,Img0001,https://wheels.autosyncstudio.com/png/Method/MR703_Matte_Black_8-lug_0001.png,OK,
703-matte-black-mr70378580500,9415387119851,MR70378580500,pn=MR70378580500,Img0002,https://wheels.autosyncstudio.com/png/Method/MR703_Matte_Black_8-lug_0002.png,OK,
703-matte-black-mr70378580500,9415387119851,MR70378580500,pn=MR70378580500,Img0003,https://wheels.autosyncstudio.com/png/Method/MR703_Matte_Black_8-lug_0003.png,OK,
703-matte-black-mr70378587500,9415387152619,MR70378587500,pn=MR70378587500,Img0001,https://wheels.autosyncstudio.com/png/Method/MR703_Matte_Black_8-lug_0001.png,OK,
703-matte-black-mr70378587500,9415387152619,MR70378587500,pn=MR70378587500,Img0002,https://wheels.autosyncstudio.com/png/Method/MR703_Matte_Black_8-lug_0002.png,OK,
703-matte-black-mr70378587500,9415387152619,MR70378587500,pn=MR70378587500,Img0003,https://wheels.autosyncstudio.com/png/Method/MR703_Matte_Black_8-lug_0003.png,OK,
703-matte-black-mr70379050512n,9415387349227,MR70379050512N,pn=MR70379050512N,Img0001,https://wheels.autosyncstudio.com/png/Method/MR703_Matte_Black_5-lug_0001.png,OK,
703-matte-black-mr70379050512n,9415387349227,MR70379050512N,pn=MR70379050512N,Img0002,https://wheels.autosyncstudio.com/png/Method/MR703_Matte_Black_5-lug_0002.png,OK,
703-matte-black-mr70379050512n,9415387349227,MR70379050512N,pn=MR70379050512N,Img0003,https://wheels.autosyncstudio.com/png/Method/MR703_Matte_Black_5-lug_0003.png,OK,
703-matte-black-mr70379055512n,9415387414763,MR70379055512N,pn=MR70379055512N,Img0001,https://wheels.autosyncstudio.com/png/Method/MR703_Matte_Black_5-lug_0001.png,OK,
703-matte-black-mr70379055512n,9415387414763,MR70379055512N,pn=MR70379055512N,Img0002,https://wheels.autosyncstudio.com/png/Method/MR703_Matte_Black_5-lug_0002.png,OK,
703-matte-black-mr70379055512n,9415387414763,MR70379055512N,pn=MR70379055512N,Img0003,https://wheels.autosyncstudio.com/png/Method/MR703_Matte_Black_5-lug_0003.png,OK,
703-matte-black-mr70379060512n,9415387480299,MR70379060512N,pn=MR70379060512N,Img0001,https://wheels.autosyncstudio.com/png/Method/MR703_Matte_Black_6-lug_0001.png,OK,
703-matte-black-mr70379060512n,9415387480299,MR70379060512N,pn=MR70379060512N,Img0002,https://wheels.autosyncstudio.com/png/Method/MR703_Matte_Black_6-lug_0002.png,OK,
703-matte-black-mr70379060512n,9415387480299,MR70379060512N,pn=MR70379060512N,Img0003,https://wheels.autosyncstudio.com/png/Method/MR703_Matte_Black_6-lug_0003.png,OK,
703-matte-black-mr70379080512n,9415387578603,MR70379080512N,pn=MR70379080512N,Img0001,https://wheels.autosyncstudio.com/png/Method/MR703_Matte_Black_8-lug_0001.png,OK,
703-matte-black-mr70379080512n,9415387578603,MR70379080512N,pn=MR70379080512N,Img0002,https://wheels.autosyncstudio.com/png/Method/MR703_Matte_Black_8-lug_0002.png,OK,
703-matte-black-mr70379080512n,9415387578603,MR70379080512N,pn=MR70379080512N,Img0003,https://wheels.autosyncstudio.com/png/Method/MR703_Matte_Black_8-lug_0003.png,OK,
mr704-matte-black-mr70457051515,9415387644139,MR70457051515,query=MR704 Black,Img0001,https://wheels.autosyncstudio.com/png/Method/MR704_Matte_Black_5-lug_0001.png,OK,
mr704-matte-black-mr70457051515,9415387644139,MR70457051515,query=MR704 Black,Img0002,https://wheels.autosyncstudio.com/png/Method/MR704_Matte_Black_5-lug_0002.png,OK,
mr704-matte-black-mr70457051515,9415387644139,MR70457051515,query=MR704 Black,Img0003,https://wheels.autosyncstudio.com/png/Method/MR704_Matte_Black_5-lug_0003.png,OK,
mr704-matte-black-mr70468060500,9415387742443,MR70468060500,query=MR704 Black,Img0001,https://wheels.autosyncstudio.com/png/Method/MR704_Matte_Black_5-lug_0001.png,OK,
mr704-matte-black-mr70468060500,9415387742443,MR70468060500,query=MR704 Black,Img0002,https://wheels.autosyncstudio.com/png/Method/MR704_Matte_Black_5-lug_0002.png,OK,
mr704-matte-black-mr70468060500,9415387742443,MR70468060500,query=MR704 Black,Img0003,https://wheels.autosyncstudio.com/png/Method/MR704_Matte_Black_5-lug_0003.png,OK,
mr704-matte-black-mr70478550500,9415387807979,MR70478550500,pn=MR70478550500,Img0001,https://wheels.autosyncstudio.com/png/Method/MR704_Matte_Black_5-lug_0001.png,OK,
mr704-matte-black-mr70478550500,9415387807979,MR70478550500,pn=MR70478550500,Img0002,https://wheels.autosyncstudio.com/png/Method/MR704_Matte_Black_5-lug_0002.png,OK,
mr704-matte-black-mr70478550500,9415387807979,MR70478550500,pn=MR70478550500,Img0003,https://wheels.autosyncstudio.com/png/Method/MR704_Matte_Black_5-lug_0003.png,OK,
mr704-matte-black-mr70478555500,9415387939051,MR70478555500,pn=MR70478555500,Img0001,https://wheels.autosyncstudio.com/png/Method/MR704_Matte_Black_5-lug_0001.png,OK,
mr704-matte-black-mr70478555500,9415387939051,MR70478555500,pn=MR70478555500,Img0002,https://wheels.autosyncstudio.com/png/Method/MR704_Matte_Black_5-lug_0002.png,OK,
mr704-matte-black-mr70478555500,9415387939051,MR70478555500,pn=MR70478555500,Img0003,https://wheels.autosyncstudio.com/png/Method/MR704_Matte_Black_5-lug_0003.png,OK,
mr704-matte-black-mr70478558500,9415388004587,MR70478558500,query=MR704 Black,Img0001,https://wheels.autosyncstudio.com/png/Method/MR704_Matte_Black_5-lug_0001.png,OK,
mr704-matte-black-mr70478558500,9415388004587,MR70478558500,query=MR704 Black,Img0002,https://wheels.autosyncstudio.com/png/Method/MR704_Matte_Black_5-lug_0002.png,OK,
mr704-matte-black-mr70478558500,9415388004587,MR70478558500,query=MR704 Black,Img0003,https://wheels.autosyncstudio.com/png/Method/MR704_Matte_Black_5-lug_0003.png,OK,
mr704-matte-black-mr70478516500,9415388070123,MR70478516500,pn=MR70478516500,Img0001,https://wheels.autosyncstudio.com/png/Method/MR704_Matte_Black_6-lug_0001.png,OK,
mr704-matte-black-mr70478516500,9415388070123,MR70478516500,pn=MR70478516500,Img0002,https://wheels.autosyncstudio.com/png/Method/MR704_Matte_Black_6-lug_0002.png,OK,
mr704-matte-black-mr70478516500,9415388070123,MR70478516500,pn=MR70478516500,Img0003,https://wheels.autosyncstudio.com/png/Method/MR704_Matte_Black_6-lug_0003.png,OK,
mr704-matte-black-mr70478560500,9415388168427,MR70478560500,pn=MR70478560500,Img0001,https://wheels.autosyncstudio.com/png/Method/MR704_Matte_Black_6-lug_0001.png,OK,
mr704-matte-black-mr70478560500,9415388168427,MR70478560500,pn=MR70478560500,Img0002,https://wheels.autosyncstudio.com/png/Method/MR704_Matte_Black_6-lug_0002.png,OK,
mr704-matte-black-mr70478560500,9415388168427,MR70478560500,pn=MR70478560500,Img0003,https://wheels.autosyncstudio.com/png/Method/MR704_Matte_Black_6-lug_0003.png,OK,
mr704-matte-black-mr70478580500,9415388233963,MR70478580500,query=MR704 Black,Img0001,https://wheels.autosyncstudio.com/png/Method/MR704_Matte_Black_5-lug_0001.png,OK,
mr704-matte-black-mr70478580500,9415388233963,MR70478580500,query=MR704 Black,Img0002,https://wheels.autosyncstudio.com/png/Method/MR704_Matte_Black_5-lug_0002.png,OK,
mr704-matte-black-mr70478580500,9415388233963,MR70478580500,query=MR704 Black,Img0003,https://wheels.autosyncstudio.com/png/Method/MR704_Matte_Black_5-lug_0003.png,OK,
mr704-matte-black-mr70478587500,9415388332267,MR70478587500,pn=MR70478587500,Img0001,https://wheels.autosyncstudio.com/png/Method/MR704_Matte_Black_8-lug_0001.png,OK,
mr704-matte-black-mr70478587500,9415388332267,MR70478587500,pn=MR70478587500,Img0002,https://wheels.autosyncstudio.com/png/Method/MR704_Matte_Black_8-lug_0002.png,OK,
mr704-matte-black-mr70478587500,9415388332267,MR70478587500,pn=MR70478587500,Img0003,https://wheels.autosyncstudio.com/png/Method/MR704_Matte_Black_8-lug_0003.png,OK,
705-matte-black-mr70578550500,9415388430571,MR70578550500,query=MR705 Black,Img0001,https://wheels.autosyncstudio.com/png/Method/MR705_Matte_Black_6-lug_0001.png,OK,
705-matte-black-mr70578550500,9415388430571,MR70578550500,query=MR705 Black,Img0002,https://wheels.autosyncstudio.com/png/Method/MR705_Matte_Black_6-lug_0002.png,OK,
705-matte-black-mr70578550500,9415388430571,MR70578550500,query=MR705 Black,Img0003,https://wheels.autosyncstudio.com/png/Method/MR705_Matte_Black_6-lug_0003.png,OK,
705-matte-black-mr70578550525,9415388561643,MR70578550525,query=MR705 Black,Img0001,https://wheels.autosyncstudio.com/png/Method/MR705_Matte_Black_6-lug_0001.png,OK,
705-matte-black-mr70578550525,9415388561643,MR70578550525,query=MR705 Black,Img0002,https://wheels.autosyncstudio.com/png/Method/MR705_Matte_Black_6-lug_0002.png,OK,
705-matte-black-mr70578550525,9415388561643,MR70578550525,query=MR705 Black,Img0003,https://wheels.autosyncstudio.com/png/Method/MR705_Matte_Black_6-lug_0003.png,OK,
705-matte-black-mr70578558500,9415388627179,MR70578558500,query=MR705 Black,Img0001,https://wheels.autosyncstudio.com/png/Method/MR705_Matte_Black_6-lug_0001.png,OK,
705-matte-black-mr70578558500,9415388627179,MR70578558500,query=MR705 Black,Img0002,https://wheels.autosyncstudio.com/png/Method/MR705_Matte_Black_6-lug_0002.png,OK,
705-matte-black-mr70578558500,9415388627179,MR70578558500,query=MR705 Black,Img0003,https://wheels.autosyncstudio.com/png/Method/MR705_Matte_Black_6-lug_0003.png,OK,
705-matte-black-mr70578558535,9415388692715,MR70578558535,query=MR705 Black,Img0001,https://wheels.autosyncstudio.com/png/Method/MR705_Matte_Black_6-lug_0001.png,OK,
705-matte-black-mr70578558535,9415388692715,MR70578558535,query=MR705 Black,Img0002,https://wheels.autosyncstudio.com/png/Method/MR705_Matte_Black_6-lug_0002.png,OK,
705-matte-black-mr70578558535,9415388692715,MR70578558535,query=MR705 Black,Img0003,https://wheels.autosyncstudio.com/png/Method/MR705_Matte_Black_6-lug_0003.png,OK,
705-matte-black-mr70578562500,9415388758251,MR70578562500,query=MR705 Black,Img0001,https://wheels.autosyncstudio.com/png/Method/MR705_Matte_Black_6-lug_0001.png,OK,
705-matte-black-mr70578562500,9415388758251,MR70578562500,query=MR705 Black,Img0002,https://wheels.autosyncstudio.com/png/Method/MR705_Matte_Black_6-lug_0002.png,OK,
705-matte-black-mr70578562500,9415388758251,MR70578562500,query=MR705 Black,Img0003,https://wheels.autosyncstudio.com/png/Method/MR705_Matte_Black_6-lug_0003.png,OK,
705-matte-black-mr70578562520,9415388856555,MR70578562520,pn=MR70578562520,Img0001,https://wheels.autosyncstudio.com/png/Method/MR705_Matte_Black_6-lug_0001.png,OK,
705-matte-black-mr70578562520,9415388856555,MR70578562520,pn=MR70578562520,Img0002,https://wheels.autosyncstudio.com/png/Method/MR705_Matte_Black_6-lug_0002.png,OK,
705-matte-black-mr70578562520,9415388856555,MR70578562520,pn=MR70578562520,Img0003,https://wheels.autosyncstudio.com/png/Method/MR705_Matte_Black_6-lug_0003.png,OK,
705-matte-black-mr70578516500,9415388922091,MR70578516500,query=MR705 Black,Img0001,https://wheels.autosyncstudio.com/png/Method/MR705_Matte_Black_6-lug_0001.png,OK,
705-matte-black-mr70578516500,9415388922091,MR70578516500,query=MR705 Black,Img0002,https://wheels.autosyncstudio.com/png/Method/MR705_Matte_Black_6-lug_0002.png,OK,
705-matte-black-mr70578516500,9415388922091,MR70578516500,query=MR705 Black,Img0003,https://wheels.autosyncstudio.com/png/Method/MR705_Matte_Black_6-lug_0003.png,OK,
705-matte-black-mr70578516525,9415388954859,MR70578516525,query=MR705 Black,Img0001,https://wheels.autosyncstudio.com/png/Method/MR705_Matte_Black_6-lug_0001.png,OK,
705-matte-black-mr70578516525,9415388954859,MR70578516525,query=MR705 Black,Img0002,https://wheels.autosyncstudio.com/png/Method/MR705_Matte_Black_6-lug_0002.png,OK,
705-matte-black-mr70578516525,9415388954859,MR70578516525,query=MR705 Black,Img0003,https://wheels.autosyncstudio.com/png/Method/MR705_Matte_Black_6-lug_0003.png,OK,
705-matte-black-mr70578560500,9415389053163,MR70578560500,pn=MR70578560500,Img0001,https://wheels.autosyncstudio.com/png/Method/MR705_Matte_Black_6-lug_0001.png,OK,
705-matte-black-mr70578560500,9415389053163,MR70578560500,pn=MR70578560500,Img0002,https://wheels.autosyncstudio.com/png/Method/MR705_Matte_Black_6-lug_0002.png,OK,
705-matte-black-mr70578560500,9415389053163,MR70578560500,pn=MR70578560500,Img0003,https://wheels.autosyncstudio.com/png/Method/MR705_Matte_Black_6-lug_0003.png,OK,
705-matte-black-mr70578560535,9415389118699,MR70578560535,pn=MR70578560535,Img0001,https://wheels.autosyncstudio.com/png/Method/MR705_Matte_Black_6-lug_0001.png,OK,
705-matte-black-mr70578560535,9415389118699,MR70578560535,pn=MR70578560535,Img0002,https://wheels.autosyncstudio.com/png/Method/MR705_Matte_Black_6-lug_0002.png,OK,
705-matte-black-mr70578560535,9415389118699,MR70578560535,pn=MR70578560535,Img0003,https://wheels.autosyncstudio.com/png/Method/MR705_Matte_Black_6-lug_0003.png,OK,
705-matte-black-mr70578580500,9415389184235,MR70578580500,query=MR705 Black,Img0001,https://wheels.autosyncstudio.com/png/Method/MR705_Matte_Black_6-lug_0001.png,OK,
705-matte-black-mr70578580500,9415389184235,MR70578580500,query=MR705 Black,Img0002,https://wheels.autosyncstudio.com/png/Method/MR705_Matte_Black_6-lug_0002.png,OK,
705-matte-black-mr70578580500,9415389184235,MR70578580500,query=MR705 Black,Img0003,https://wheels.autosyncstudio.com/png/Method/MR705_Matte_Black_6-lug_0003.png,OK,
705-matte-black-mr70578587500,9415389282539,MR70578587500,query=MR705 Black,Img0001,https://wheels.autosyncstudio.com/png/Method/MR705_Matte_Black_6-lug_0001.png,OK,
705-matte-black-mr70578587500,9415389282539,MR70578587500,query=MR705 Black,Img0002,https://wheels.autosyncstudio.com/png/Method/MR705_Matte_Black_6-lug_0002.png,OK,
705-matte-black-mr70578587500,9415389282539,MR70578587500,query=MR705 Black,Img0003,https://wheels.autosyncstudio.com/png/Method/MR705_Matte_Black_6-lug_0003.png,OK,
705-matte-black-mr70578588500,9415389380843,MR70578588500,query=MR705 Black,Img0001,https://wheels.autosyncstudio.com/png/Method/MR705_Matte_Black_6-lug_0001.png,OK,
705-matte-black-mr70578588500,9415389380843,MR70578588500,query=MR705 Black,Img0002,https://wheels.autosyncstudio.com/png/Method/MR705_Matte_Black_6-lug_0002.png,OK,
705-matte-black-mr70578588500,9415389380843,MR70578588500,query=MR705 Black,Img0003,https://wheels.autosyncstudio.com/png/Method/MR705_Matte_Black_6-lug_0003.png,OK,
705-matte-black-mr70589058525,9415389479147,MR70589058525,query=MR705 Black,Img0001,https://wheels.autosyncstudio.com/png/Method/MR705_Matte_Black_6-lug_0001.png,OK,
705-matte-black-mr70589058525,9415389479147,MR70589058525,query=MR705 Black,Img0002,https://wheels.autosyncstudio.com/png/Method/MR705_Matte_Black_6-lug_0002.png,OK,
705-matte-black-mr70589058525,9415389479147,MR70589058525,query=MR705 Black,Img0003,https://wheels.autosyncstudio.com/png/Method/MR705_Matte_Black_6-lug_0003.png,OK,
705-matte-black-mr70589016518,9415389577451,MR70589016518,query=MR705 Black,Img0001,https://wheels.autosyncstudio.com/png/Method/MR705_Matte_Black_6-lug_0001.png,OK,
705-matte-black-mr70589016518,9415389577451,MR70589016518,query=MR705 Black,Img0002,https://wheels.autosyncstudio.com/png/Method/MR705_Matte_Black_6-lug_0002.png,OK,
705-matte-black-mr70589016518,9415389577451,MR70589016518,query=MR705 Black,Img0003,https://wheels.autosyncstudio.com/png/Method/MR705_Matte_Black_6-lug_0003.png,OK,
705-matte-black-mr70589060500,9415389675755,MR70589060500,pn=MR70589060500,Img0001,https://wheels.autosyncstudio.com/png/Method/MR705_Matte_Black_6-lug_0001.png,OK,
705-matte-black-mr70589060500,9415389675755,MR70589060500,pn=MR70589060500,Img0002,https://wheels.autosyncstudio.com/png/Method/MR705_Matte_Black_6-lug_0002.png,OK,
705-matte-black-mr70589060500,9415389675755,MR70589060500,pn=MR70589060500,Img0003,https://wheels.autosyncstudio.com/png/Method/MR705_Matte_Black_6-lug_0003.png,OK,
705-matte-black-mr70589060518,9415389741291,MR70589060518,pn=MR70589060518,Img0001,https://wheels.autosyncstudio.com/png/Method/MR705_Matte_Black_6-lug_0001.png,OK,
705-matte-black-mr70589060518,9415389741291,MR70589060518,pn=MR70589060518,Img0002,https://wheels.autosyncstudio.com/png/Method/MR705_Matte_Black_6-lug_0002.png,OK,
705-matte-black-mr70589060518,9415389741291,MR70589060518,pn=MR70589060518,Img0003,https://wheels.autosyncstudio.com/png/Method/MR705_Matte_Black_6-lug_0003.png,OK,
705-matte-black-mr70589080518,9415389839595,MR70589080518,query=MR705 Black,Img0001,https://wheels.autosyncstudio.com/png/Method/MR705_Matte_Black_6-lug_0001.png,OK,
705-matte-black-mr70589080518,9415389839595,MR70589080518,query=MR705 Black,Img0002,https://wheels.autosyncstudio.com/png/Method/MR705_Matte_Black_6-lug_0002.png,OK,
705-matte-black-mr70589080518,9415389839595,MR70589080518,query=MR705 Black,Img0003,https://wheels.autosyncstudio.com/png/Method/MR705_Matte_Black_6-lug_0003.png,OK,
705-matte-black-mr70589087518,9415389905131,MR70589087518,query=MR705 Black,Img0001,https://wheels.autosyncstudio.com/png/Method/MR705_Matte_Black_6-lug_0001.png,OK,
705-matte-black-mr70589087518,9415389905131,MR70589087518,query=MR705 Black,Img0002,https://wheels.autosyncstudio.com/png/Method/MR705_Matte_Black_6-lug_0002.png,OK,
705-matte-black-mr70589087518,9415389905131,MR70589087518,query=MR705 Black,Img0003,https://wheels.autosyncstudio.com/png/Method/MR705_Matte_Black_6-lug_0003.png,OK,
705-matte-black-mr70589088518,9415390036203,MR70589088518,query=MR705 Black,Img0001,https://wheels.autosyncstudio.com/png/Method/MR705_Matte_Black_6-lug_0001.png,OK,
705-matte-black-mr70589088518,9415390036203,MR70589088518,query=MR705 Black,Img0002,https://wheels.autosyncstudio.com/png/Method/MR705_Matte_Black_6-lug_0002.png,OK,
705-matte-black-mr70589088518,9415390036203,MR70589088518,query=MR705 Black,Img0003,https://wheels.autosyncstudio.com/png/Method/MR705_Matte_Black_6-lug_0003.png,OK,
706-matte-black-mr70677551530,9415390134507,MR70677551530,,,,NO_MATCH,
706-matte-black-mr70677549530,9415390101739,MR70677549530,,,,NO_MATCH,
706-matte-black-mr70677512530,9415390167275,MR70677512530,,,,NO_MATCH,
706-matte-black-mr70677553550,9415390200043,MR70677553550,,,,NO_MATCH,
706-matte-black-mr70677556550,9415390265579,MR70677556550,,,,NO_MATCH,
706-matte-black-mr70677563550,9415390331115,MR70677563550,,,,NO_MATCH,
706-matte-black-mr70678550500,9415390363883,MR70678550500,,,,NO_MATCH,
706-matte-black-mr70678550525,9415390396651,MR70678550525,,,,NO_MATCH,
706-matte-black-mr70678555500,9415390593259,MR70678555500,,,,NO_MATCH,
706-matte-black-mr70678558500,9415390429419,MR70678558500,,,,NO_MATCH,
706-matte-black-mr70678558500t,9415390462187,MR70678558500T,,,,NO_MATCH,
706-matte-black-mr70678558535,9415390494955,MR70678558535,,,,NO_MATCH,
706-matte-black-mr70678558535t,9415390527723,MR70678558535T,,,,NO_MATCH,
706-matte-black-mr70678562500,9415390626027,MR70678562500,,,,NO_MATCH,
706-matte-black-mr70678562525,9415390658795,MR70678562525,,,,NO_MATCH,
706-matte-black-mr70678516500,9415390691563,MR70678516500,,,,NO_MATCH,
706-matte-black-mr70678516525,9415390724331,MR70678516525,,,,NO_MATCH,
706-matte-black-mr70678560500,9415390757099,MR70678560500,,,,NO_MATCH,
706-matte-black-mr70678560500t,9415390822635,MR70678560500T,,,,NO_MATCH,
706-matte-black-mr70678560535,9415390855403,MR70678560535,,,,NO_MATCH,
706-matte-black-mr70678560535t,9415390888171,MR70678560535T,,,,NO_MATCH,
706-matte-black-mr70678580500,9415390920939,MR70678580500,,,,NO_MATCH,
706-matte-black-mr70678587500,9415391052011,MR70678587500,,,,NO_MATCH,
706-matte-black-mr70689052525,9415391248619,MR70689052525,,,,NO_MATCH,
706-matte-black-mr70689058535,9415391281387,MR70689058535,,,,NO_MATCH,
706-matte-black-mr70689058535t,9415391346923,MR70689058535T,,,,NO_MATCH,
706-matte-black-mr70689016518,9415391150315,MR70689016518,,,,NO_MATCH,
706-matte-black-mr70689060518,9415391183083,MR70689060518,,,,NO_MATCH,
706-matte-black-mr70689060535t,9415391215851,MR70689060535T,,,,NO_MATCH,
706-matte-black-mr70689080518,9415391379691,MR70689080518,,,,NO_MATCH,
706-matte-black-mr70689087518,9415391412459,MR70689087518,,,,NO_MATCH,
706-matte-black-mr70689088518,9415391445227,MR70689088518,,,,NO_MATCH,
707-matte-black-mr70757051515,9415391477995,MR70757051515,query=MR707 Black,Img0001,https://wheels.autosyncstudio.com/png/Method/MR707-Bead-Grip_MB_Matte_Black_6-lug_0001.png,OK,
707-matte-black-mr70757051515,9415391477995,MR70757051515,query=MR707 Black,Img0002,https://wheels.autosyncstudio.com/png/Method/MR707-Bead-Grip_MB_Matte_Black_6-lug_0002.png,OK,
707-matte-black-mr70757051515,9415391477995,MR70757051515,query=MR707 Black,Img0003,https://wheels.autosyncstudio.com/png/Method/MR707-Bead-Grip_MB_Matte_Black_6-lug_0003.png,OK,
707-matte-black-mr70767051515,9415391543531,MR70767051515,query=MR707 Black,Img0001,https://wheels.autosyncstudio.com/png/Method/MR707-Bead-Grip_MB_Matte_Black_6-lug_0001.png,OK,
707-matte-black-mr70767051515,9415391543531,MR70767051515,query=MR707 Black,Img0002,https://wheels.autosyncstudio.com/png/Method/MR707-Bead-Grip_MB_Matte_Black_6-lug_0002.png,OK,
707-matte-black-mr70767051515,9415391543531,MR70767051515,query=MR707 Black,Img0003,https://wheels.autosyncstudio.com/png/Method/MR707-Bead-Grip_MB_Matte_Black_6-lug_0003.png,OK,
707-matte-black-mr70767051530,9415391674603,MR70767051530,query=MR707 Black,Img0001,https://wheels.autosyncstudio.com/png/Method/MR707-Bead-Grip_MB_Matte_Black_6-lug_0001.png,OK,
707-matte-black-mr70767051530,9415391674603,MR70767051530,query=MR707 Black,Img0002,https://wheels.autosyncstudio.com/png/Method/MR707-Bead-Grip_MB_Matte_Black_6-lug_0002.png,OK,
707-matte-black-mr70767051530,9415391674603,MR70767051530,query=MR707 Black,Img0003,https://wheels.autosyncstudio.com/png/Method/MR707-Bead-Grip_MB_Matte_Black_6-lug_0003.png,OK,
707-matte-black-mr70767049515,9415391609067,MR70767049515,query=MR707 Black,Img0001,https://wheels.autosyncstudio.com/png/Method/MR707-Bead-Grip_MB_Matte_Black_6-lug_0001.png,OK,
707-matte-black-mr70767049515,9415391609067,MR70767049515,query=MR707 Black,Img0002,https://wheels.autosyncstudio.com/png/Method/MR707-Bead-Grip_MB_Matte_Black_6-lug_0002.png,OK,
707-matte-black-mr70767049515,9415391609067,MR70767049515,query=MR707 Black,Img0003,https://wheels.autosyncstudio.com/png/Method/MR707-Bead-Grip_MB_Matte_Black_6-lug_0003.png,OK,
707-matte-black-mr70767049530,9415391707371,MR70767049530,query=MR707 Black,Img0001,https://wheels.autosyncstudio.com/png/Method/MR707-Bead-Grip_MB_Matte_Black_6-lug_0001.png,OK,
707-matte-black-mr70767049530,9415391707371,MR70767049530,query=MR707 Black,Img0002,https://wheels.autosyncstudio.com/png/Method/MR707-Bead-Grip_MB_Matte_Black_6-lug_0002.png,OK,
707-matte-black-mr70767049530,9415391707371,MR70767049530,query=MR707 Black,Img0003,https://wheels.autosyncstudio.com/png/Method/MR707-Bead-Grip_MB_Matte_Black_6-lug_0003.png,OK,
707-matte-black-mr70767057530,9415391740139,MR70767057530,query=MR707 Black,Img0001,https://wheels.autosyncstudio.com/png/Method/MR707-Bead-Grip_MB_Matte_Black_6-lug_0001.png,OK,
707-matte-black-mr70767057530,9415391740139,MR70767057530,query=MR707 Black,Img0002,https://wheels.autosyncstudio.com/png/Method/MR707-Bead-Grip_MB_Matte_Black_6-lug_0002.png,OK,
707-matte-black-mr70767057530,9415391740139,MR70767057530,query=MR707 Black,Img0003,https://wheels.autosyncstudio.com/png/Method/MR707-Bead-Grip_MB_Matte_Black_6-lug_0003.png,OK,
707-matte-black-mr70767012515,9415391641835,MR70767012515,query=MR707 Black,Img0001,https://wheels.autosyncstudio.com/png/Method/MR707-Bead-Grip_MB_Matte_Black_6-lug_0001.png,OK,
707-matte-black-mr70767012515,9415391641835,MR70767012515,query=MR707 Black,Img0002,https://wheels.autosyncstudio.com/png/Method/MR707-Bead-Grip_MB_Matte_Black_6-lug_0002.png,OK,
707-matte-black-mr70767012515,9415391641835,MR70767012515,query=MR707 Black,Img0003,https://wheels.autosyncstudio.com/png/Method/MR707-Bead-Grip_MB_Matte_Black_6-lug_0003.png,OK,
707-matte-black-mr70767012530,9415391805675,MR70767012530,query=MR707 Black,Img0001,https://wheels.autosyncstudio.com/png/Method/MR707-Bead-Grip_MB_Matte_Black_6-lug_0001.png,OK,
707-matte-black-mr70767012530,9415391805675,MR70767012530,query=MR707 Black,Img0002,https://wheels.autosyncstudio.com/png/Method/MR707-Bead-Grip_MB_Matte_Black_6-lug_0002.png,OK,
707-matte-black-mr70767012530,9415391805675,MR70767012530,query=MR707 Black,Img0003,https://wheels.autosyncstudio.com/png/Method/MR707-Bead-Grip_MB_Matte_Black_6-lug_0003.png,OK,
707-matte-black-mr70777553550,9415391838443,MR70777553550,query=MR707 Black,Img0001,https://wheels.autosyncstudio.com/png/Method/MR707-Bead-Grip_MB_Matte_Black_6-lug_0001.png,OK,
707-matte-black-mr70777553550,9415391838443,MR70777553550,query=MR707 Black,Img0002,https://wheels.autosyncstudio.com/png/Method/MR707-Bead-Grip_MB_Matte_Black_6-lug_0002.png,OK,
707-matte-black-mr70777553550,9415391838443,MR70777553550,query=MR707 Black,Img0003,https://wheels.autosyncstudio.com/png/Method/MR707-Bead-Grip_MB_Matte_Black_6-lug_0003.png,OK,
707-matte-black-mr70777556550,9415391871211,MR70777556550,query=MR707 Black,Img0001,https://wheels.autosyncstudio.com/png/Method/MR707-Bead-Grip_MB_Matte_Black_6-lug_0001.png,OK,
707-matte-black-mr70777556550,9415391871211,MR70777556550,query=MR707 Black,Img0002,https://wheels.autosyncstudio.com/png/Method/MR707-Bead-Grip_MB_Matte_Black_6-lug_0002.png,OK,
707-matte-black-mr70777556550,9415391871211,MR70777556550,query=MR707 Black,Img0003,https://wheels.autosyncstudio.com/png/Method/MR707-Bead-Grip_MB_Matte_Black_6-lug_0003.png,OK,
707-matte-black-mr70777563550,9415391903979,MR70777563550,pn=MR70777563550,Img0001,https://wheels.autosyncstudio.com/png/Method/MR707-Bead-Grip_MB_Matte_Black_6-lug_0001.png,OK,
707-matte-black-mr70777563550,9415391903979,MR70777563550,pn=MR70777563550,Img0002,https://wheels.autosyncstudio.com/png/Method/MR707-Bead-Grip_MB_Matte_Black_6-lug_0002.png,OK,
707-matte-black-mr70777563550,9415391903979,MR70777563550,pn=MR70777563550,Img0003,https://wheels.autosyncstudio.com/png/Method/MR707-Bead-Grip_MB_Matte_Black_6-lug_0003.png,OK,
707-matte-black-mr70778551538,9415391936747,MR70778551538,query=MR707 Black,Img0001,https://wheels.autosyncstudio.com/png/Method/MR707-Bead-Grip_MB_Matte_Black_6-lug_0001.png,OK,
707-matte-black-mr70778551538,9415391936747,MR70778551538,query=MR707 Black,Img0002,https://wheels.autosyncstudio.com/png/Method/MR707-Bead-Grip_MB_Matte_Black_6-lug_0002.png,OK,
707-matte-black-mr70778551538,9415391936747,MR70778551538,query=MR707 Black,Img0003,https://wheels.autosyncstudio.com/png/Method/MR707-Bead-Grip_MB_Matte_Black_6-lug_0003.png,OK,
707-matte-black-mr70778549538,9415391969515,MR70778549538,pn=MR70778549538,Img0001,https://wheels.autosyncstudio.com/png/Method/MR707-Bead-Grip_MB_Matte_Black_5-lug_0001.png,OK,
707-matte-black-mr70778549538,9415391969515,MR70778549538,pn=MR70778549538,Img0002,https://wheels.autosyncstudio.com/png/Method/MR707-Bead-Grip_MB_Matte_Black_5-lug_0002.png,OK,
707-matte-black-mr70778549538,9415391969515,MR70778549538,pn=MR70778549538,Img0003,https://wheels.autosyncstudio.com/png/Method/MR707-Bead-Grip_MB_Matte_Black_5-lug_0003.png,OK,
707-matte-black-mr70778512538,9415392002283,MR70778512538,pn=MR70778512538,Img0001,https://wheels.autosyncstudio.com/png/Method/MR707-Bead-Grip_MB_Matte_Black_5-lug_0001.png,OK,
707-matte-black-mr70778512538,9415392002283,MR70778512538,pn=MR70778512538,Img0002,https://wheels.autosyncstudio.com/png/Method/MR707-Bead-Grip_MB_Matte_Black_5-lug_0002.png,OK,
707-matte-black-mr70778512538,9415392002283,MR70778512538,pn=MR70778512538,Img0003,https://wheels.autosyncstudio.com/png/Method/MR707-Bead-Grip_MB_Matte_Black_5-lug_0003.png,OK,
707-matte-black-mr70778550500,9415392035051,MR70778550500,pn=MR70778550500,Img0001,https://wheels.autosyncstudio.com/png/Method/MR707-Bead-Grip_MB_Matte_Black_5-lug_0001.png,OK,
707-matte-black-mr70778550500,9415392035051,MR70778550500,pn=MR70778550500,Img0002,https://wheels.autosyncstudio.com/png/Method/MR707-Bead-Grip_MB_Matte_Black_5-lug_0002.png,OK,
707-matte-black-mr70778550500,9415392035051,MR70778550500,pn=MR70778550500,Img0003,https://wheels.autosyncstudio.com/png/Method/MR707-Bead-Grip_MB_Matte_Black_5-lug_0003.png,OK,
707-matte-black-mr70778555500,9415392067819,MR70778555500,query=MR707 Black,Img0001,https://wheels.autosyncstudio.com/png/Method/MR707-Bead-Grip_MB_Matte_Black_6-lug_0001.png,OK,
707-matte-black-mr70778555500,9415392067819,MR70778555500,query=MR707 Black,Img0002,https://wheels.autosyncstudio.com/png/Method/MR707-Bead-Grip_MB_Matte_Black_6-lug_0002.png,OK,
707-matte-black-mr70778555500,9415392067819,MR70778555500,query=MR707 Black,Img0003,https://wheels.autosyncstudio.com/png/Method/MR707-Bead-Grip_MB_Matte_Black_6-lug_0003.png,OK,
707-matte-black-mr70778558500,9415392133355,MR70778558500,pn=MR70778558500,Img0001,https://wheels.autosyncstudio.com/png/Method/MR707-Bead-Grip_MB_Matte_Black_5-lug_0001.png,OK,
707-matte-black-mr70778558500,9415392133355,MR70778558500,pn=MR70778558500,Img0002,https://wheels.autosyncstudio.com/png/Method/MR707-Bead-Grip_MB_Matte_Black_5-lug_0002.png,OK,
707-matte-black-mr70778558500,9415392133355,MR70778558500,pn=MR70778558500,Img0003,https://wheels.autosyncstudio.com/png/Method/MR707-Bead-Grip_MB_Matte_Black_5-lug_0003.png,OK,
707-matte-black-mr70778516500,9415392166123,MR70778516500,pn=MR70778516500,Img0001,https://wheels.autosyncstudio.com/png/Method/MR707-Bead-Grip_MB_Matte_Black_6-lug_0001.png,OK,
707-matte-black-mr70778516500,9415392166123,MR70778516500,pn=MR70778516500,Img0002,https://wheels.autosyncstudio.com/png/Method/MR707-Bead-Grip_MB_Matte_Black_6-lug_0002.png,OK,
707-matte-black-mr70778516500,9415392166123,MR70778516500,pn=MR70778516500,Img0003,https://wheels.autosyncstudio.com/png/Method/MR707-Bead-Grip_MB_Matte_Black_6-lug_0003.png,OK,
707-matte-black-mr70778560500,9415392231659,MR70778560500,pn=MR70778560500,Img0001,https://wheels.autosyncstudio.com/png/Method/MR707-Bead-Grip_MB_Matte_Black_6-lug_0001.png,OK,
707-matte-black-mr70778560500,9415392231659,MR70778560500,pn=MR70778560500,Img0002,https://wheels.autosyncstudio.com/png/Method/MR707-Bead-Grip_MB_Matte_Black_6-lug_0002.png,OK,
707-matte-black-mr70778560500,9415392231659,MR70778560500,pn=MR70778560500,Img0003,https://wheels.autosyncstudio.com/png/Method/MR707-Bead-Grip_MB_Matte_Black_6-lug_0003.png,OK,
707-matte-black-mr70778560525,9415392264427,MR70778560525,pn=MR70778560525,Img0001,https://wheels.autosyncstudio.com/png/Method/MR707-Bead-Grip_MB_Matte_Black_6-lug_0001.png,OK,
707-matte-black-mr70778560525,9415392264427,MR70778560525,pn=MR70778560525,Img0002,https://wheels.autosyncstudio.com/png/Method/MR707-Bead-Grip_MB_Matte_Black_6-lug_0002.png,OK,
707-matte-black-mr70778560525,9415392264427,MR70778560525,pn=MR70778560525,Img0003,https://wheels.autosyncstudio.com/png/Method/MR707-Bead-Grip_MB_Matte_Black_6-lug_0003.png,OK,
707-matte-black-mr70778580500,9415392297195,MR70778580500,query=MR707 Black,Img0001,https://wheels.autosyncstudio.com/png/Method/MR707-Bead-Grip_MB_Matte_Black_6-lug_0001.png,OK,
707-matte-black-mr70778580500,9415392297195,MR70778580500,query=MR707 Black,Img0002,https://wheels.autosyncstudio.com/png/Method/MR707-Bead-Grip_MB_Matte_Black_6-lug_0002.png,OK,
707-matte-black-mr70778580500,9415392297195,MR70778580500,query=MR707 Black,Img0003,https://wheels.autosyncstudio.com/png/Method/MR707-Bead-Grip_MB_Matte_Black_6-lug_0003.png,OK,
707-matte-black-mr70778587500,9415392329963,MR70778587500,query=MR707 Black,Img0001,https://wheels.autosyncstudio.com/png/Method/MR707-Bead-Grip_MB_Matte_Black_6-lug_0001.png,OK,
707-matte-black-mr70778587500,9415392329963,MR70778587500,query=MR707 Black,Img0002,https://wheels.autosyncstudio.com/png/Method/MR707-Bead-Grip_MB_Matte_Black_6-lug_0002.png,OK,
707-matte-black-mr70778587500,9415392329963,MR70778587500,query=MR707 Black,Img0003,https://wheels.autosyncstudio.com/png/Method/MR707-Bead-Grip_MB_Matte_Black_6-lug_0003.png,OK,
707-matte-black-mr70788551538,9415392362731,MR70788551538,query=MR707 Black,Img0001,https://wheels.autosyncstudio.com/png/Method/MR707-Bead-Grip_MB_Matte_Black_6-lug_0001.png,OK,
707-matte-black-mr70788551538,9415392362731,MR70788551538,query=MR707 Black,Img0002,https://wheels.autosyncstudio.com/png/Method/MR707-Bead-Grip_MB_Matte_Black_6-lug_0002.png,OK,
707-matte-black-mr70788551538,9415392362731,MR70788551538,query=MR707 Black,Img0003,https://wheels.autosyncstudio.com/png/Method/MR707-Bead-Grip_MB_Matte_Black_6-lug_0003.png,OK,
707-matte-black-mr70788549538,9415392428267,MR70788549538,query=MR707 Black,Img0001,https://wheels.autosyncstudio.com/png/Method/MR707-Bead-Grip_MB_Matte_Black_6-lug_0001.png,OK,
707-matte-black-mr70788549538,9415392428267,MR70788549538,query=MR707 Black,Img0002,https://wheels.autosyncstudio.com/png/Method/MR707-Bead-Grip_MB_Matte_Black_6-lug_0002.png,OK,
707-matte-black-mr70788549538,9415392428267,MR70788549538,query=MR707 Black,Img0003,https://wheels.autosyncstudio.com/png/Method/MR707-Bead-Grip_MB_Matte_Black_6-lug_0003.png,OK,
707-matte-black-mr70788512538,9415392461035,MR70788512538,pn=MR70788512538,Img0001,https://wheels.autosyncstudio.com/png/Method/MR707-Bead-Grip_MB_Matte_Black_5-lug_0001.png,OK,
707-matte-black-mr70788512538,9415392461035,MR70788512538,pn=MR70788512538,Img0002,https://wheels.autosyncstudio.com/png/Method/MR707-Bead-Grip_MB_Matte_Black_5-lug_0002.png,OK,
707-matte-black-mr70788512538,9415392461035,MR70788512538,pn=MR70788512538,Img0003,https://wheels.autosyncstudio.com/png/Method/MR707-Bead-Grip_MB_Matte_Black_5-lug_0003.png,OK,
707-matte-black-mr70789058525,9415392493803,MR70789058525,pn=MR70789058525,Img0001,https://wheels.autosyncstudio.com/png/Method/MR707-Bead-Grip_MB_Matte_Black_5-lug_0001.png,OK,
707-matte-black-mr70789058525,9415392493803,MR70789058525,pn=MR70789058525,Img0002,https://wheels.autosyncstudio.com/png/Method/MR707-Bead-Grip_MB_Matte_Black_5-lug_0002.png,OK,
707-matte-black-mr70789058525,9415392493803,MR70789058525,pn=MR70789058525,Img0003,https://wheels.autosyncstudio.com/png/Method/MR707-Bead-Grip_MB_Matte_Black_5-lug_0003.png,OK,
707-matte-black-mr70789016518,9415392526571,MR70789016518,pn=MR70789016518,Img0001,https://wheels.autosyncstudio.com/png/Method/MR707-Bead-Grip_MB_Matte_Black_6-lug_0001.png,OK,
707-matte-black-mr70789016518,9415392526571,MR70789016518,pn=MR70789016518,Img0002,https://wheels.autosyncstudio.com/png/Method/MR707-Bead-Grip_MB_Matte_Black_6-lug_0002.png,OK,
707-matte-black-mr70789016518,9415392526571,MR70789016518,pn=MR70789016518,Img0003,https://wheels.autosyncstudio.com/png/Method/MR707-Bead-Grip_MB_Matte_Black_6-lug_0003.png,OK,
707-matte-black-mr70789060500,9415392592107,MR70789060500,pn=MR70789060500,Img0001,https://wheels.autosyncstudio.com/png/Method/MR707-Bead-Grip_MB_Matte_Black_6-lug_0001.png,OK,
707-matte-black-mr70789060500,9415392592107,MR70789060500,pn=MR70789060500,Img0002,https://wheels.autosyncstudio.com/png/Method/MR707-Bead-Grip_MB_Matte_Black_6-lug_0002.png,OK,
707-matte-black-mr70789060500,9415392592107,MR70789060500,pn=MR70789060500,Img0003,https://wheels.autosyncstudio.com/png/Method/MR707-Bead-Grip_MB_Matte_Black_6-lug_0003.png,OK,
707-matte-black-mr70789060518,9415392559339,MR70789060518,pn=MR70789060518,Img0001,https://wheels.autosyncstudio.com/png/Method/MR707-Bead-Grip_MB_Matte_Black_6-lug_0001.png,OK,
707-matte-black-mr70789060518,9415392559339,MR70789060518,pn=MR70789060518,Img0002,https://wheels.autosyncstudio.com/png/Method/MR707-Bead-Grip_MB_Matte_Black_6-lug_0002.png,OK,
707-matte-black-mr70789060518,9415392559339,MR70789060518,pn=MR70789060518,Img0003,https://wheels.autosyncstudio.com/png/Method/MR707-Bead-Grip_MB_Matte_Black_6-lug_0003.png,OK,
707-matte-black-mr70789080518,9415392657643,MR70789080518,pn=MR70789080518,Img0001,https://wheels.autosyncstudio.com/png/Method/MR707-Bead-Grip_MB_Matte_Black_8-lug_0001.png,OK,
707-matte-black-mr70789080518,9415392657643,MR70789080518,pn=MR70789080518,Img0002,https://wheels.autosyncstudio.com/png/Method/MR707-Bead-Grip_MB_Matte_Black_8-lug_0002.png,OK,
707-matte-black-mr70789080518,9415392657643,MR70789080518,pn=MR70789080518,Img0003,https://wheels.autosyncstudio.com/png/Method/MR707-Bead-Grip_MB_Matte_Black_8-lug_0003.png,OK,
707-matte-black-mr70789087518,9415392690411,MR70789087518,pn=MR70789087518,Img0001,https://wheels.autosyncstudio.com/png/Method/MR707-Bead-Grip_MB_Matte_Black_8-lug_0001.png,OK,
707-matte-black-mr70789087518,9415392690411,MR70789087518,pn=MR70789087518,Img0002,https://wheels.autosyncstudio.com/png/Method/MR707-Bead-Grip_MB_Matte_Black_8-lug_0002.png,OK,
707-matte-black-mr70789087518,9415392690411,MR70789087518,pn=MR70789087518,Img0003,https://wheels.autosyncstudio.com/png/Method/MR707-Bead-Grip_MB_Matte_Black_8-lug_0003.png,OK,
707-matte-black-mr70789088518,9415392723179,MR70789088518,pn=MR70789088518,Img0001,https://wheels.autosyncstudio.com/png/Method/MR707-Bead-Grip_MB_Matte_Black_8-lug_0001.png,OK,
707-matte-black-mr70789088518,9415392723179,MR70789088518,pn=MR70789088518,Img0002,https://wheels.autosyncstudio.com/png/Method/MR707-Bead-Grip_MB_Matte_Black_8-lug_0002.png,OK,
707-matte-black-mr70789088518,9415392723179,MR70789088518,pn=MR70789088518,Img0003,https://wheels.autosyncstudio.com/png/Method/MR707-Bead-Grip_MB_Matte_Black_8-lug_0003.png,OK,
901-dually-wheel-matte-black-front-mr901655925117,9415392755947,MR901655925117,pn=MR901655925117,Img0001,https://wheels.autosyncstudio.com/png/Method/MR901-Dually_Matte_Black_6-lug_Front_0001.png,OK,
901-dually-wheel-matte-black-front-mr901655925117,9415392755947,MR901655925117,pn=MR901655925117,Img0002,https://wheels.autosyncstudio.com/png/Method/MR901-Dually_Matte_Black_6-lug_Front_0002.png,OK,
901-dually-wheel-matte-black-front-mr901655925117,9415392755947,MR901655925117,pn=MR901655925117,Img0003,https://wheels.autosyncstudio.com/png/Method/MR901-Dually_Matte_Black_6-lug_Front_0003.png,OK,
901-dually-wheel-matte-black-rear-mr901660685134n,9415392887019,MR901660685134N,query=MR901 Black,Img0001,https://wheels.autosyncstudio.com/png/Method/MR901-Dually_Matte_Black_6-lug_Rear_0001.png,OK,
901-dually-wheel-matte-black-rear-mr901660685134n,9415392887019,MR901660685134N,query=MR901 Black,Img0002,https://wheels.autosyncstudio.com/png/Method/MR901-Dually_Matte_Black_6-lug_Rear_0002.png,OK,
901-dually-wheel-matte-black-rear-mr901660685134n,9415392887019,MR901660685134N,query=MR901 Black,Img0003,https://wheels.autosyncstudio.com/png/Method/MR901-Dually_Matte_Black_6-lug_Rear_0003.png,OK,
901-dually-wheel-matte-black-front-mr901660685110,9415392821483,MR901660685110,query=MR901 Black,Img0001,https://wheels.autosyncstudio.com/png/Method/MR901-Dually_Matte_Black_6-lug_Rear_0001.png,OK,
901-dually-wheel-matte-black-front-mr901660685110,9415392821483,MR901660685110,query=MR901 Black,Img0002,https://wheels.autosyncstudio.com/png/Method/MR901-Dually_Matte_Black_6-lug_Rear_0002.png,OK,
901-dually-wheel-matte-black-front-mr901660685110,9415392821483,MR901660685110,query=MR901 Black,Img0003,https://wheels.autosyncstudio.com/png/Method/MR901-Dually_Matte_Black_6-lug_Rear_0003.png,OK,
